"","class","SOD1_N","APP_N","pPKCG_N","pERK_N","pCAMKII_N","CaNA_N","Tau_N","pP70S6_N","pNUMB_N","BRAF_N","Ubiquitin_N","AKT_N","S6_N","AcetylH3K9_N"
"3","c-CS-m",0.343696193,0.423187297,1.52436418,0.677348383,2.283336522,1.926426587,0.132560376,0.256648173,0.363879855,0.399846949,0.996847617,0.814329443,0.386086771,0.185456294
"4","c-CS-m",0.344509298,0.410614904,1.612382051,0.583276775,2.152300801,1.700563438,0.123209558,0.398534003,0.366770734,0.385638659,0.990224696,0.727704629,0.290679519,0.159799063
"6","c-CS-m",0.327597795,0.391047184,1.634615385,0.566339562,2.14128243,1.816388575,0.130514706,0.382578304,0.347224089,0.36940449,0.920178167,0.672402205,0.332367081,0.175692873
"7","c-CS-m",0.345380264,0.405562539,1.773845525,0.509899434,2.012413576,1.528483858,0.115978749,0.465116279,0.360307982,0.395977373,1.028769922,0.646134507,0.266857376,0.147854516
"9","c-CS-m",0.309164733,0.351218097,1.805248619,0.476653132,1.861513921,1.834599448,0.123964088,0.421693735,0.312064965,0.326566125,0.94690953,0.600638051,0.294112569,0.158839779
"10","c-CS-m",0.373965691,0.380423814,1.926596223,0.455499495,1.717860747,1.516861511,0.117580935,0.505751766,0.358627649,0.335418769,0.970323741,0.570534813,0.24977518,0.145458633
"11","c-CS-m",0.34684776,0.418812082,1.902901531,0.461179809,1.724508413,1.613548092,0.125999543,0.513277924,0.341374417,0.346036894,0.940370117,0.547536996,0.275416952,0.144391135
"13","c-CS-m",0.322378062,0.366338706,1.904005525,0.471844254,1.508687461,1.426933702,0.117403315,0.464098807,0.32593678,0.384969646,0.997237569,0.494871258,0.244889503,0.137845304
"14","c-CS-m",0.339970345,0.367295065,1.972577697,0.463249312,1.50900233,1.500070314,0.117283083,0.462825673,0.329379369,0.343359458,0.980874701,0.524465156,0.254957109,0.136408381
"17","c-CS-m",0.362102351,0.389626556,0.963388704,1.07593361,2.118810512,1.363189369,0.184186047,0.216459198,0.474965422,0.555325035,1.115681063,0.810511757,0.380730897,0.106644518
"23","c-CS-m",0.381447964,0.411085973,0.963338973,0.850452489,2.045475113,1.219966159,0.159052453,0.25520362,0.484162896,0.473076923,1.118668923,0.743438914,0.323068246,0.096559504
"24","c-CS-m",0.357896959,0.378378378,0.937748784,0.822212838,1.940878378,1.246130031,0.153803627,0.228673986,0.421030405,0.39379223,0.979544449,0.685388514,0.312030075,0.086023883
"25","c-CS-m",0.399836021,0.376878929,0.98305548,0.711943154,1.783820716,1.077480186,0.164252528,0.318939601,0.491117792,0.469527193,1.154413774,0.660836294,0.251571468,0.121754578
"26","c-CS-m",0.447992412,0.46095479,0.929039301,0.839076826,2.082832754,1.144377729,0.155977074,0.39203288,0.562440721,0.498261144,1.068367904,0.742333228,0.29121179,0.095387555
"29","c-CS-m",0.408343869,0.389380531,0.853693636,0.686156764,1.487357775,0.994403582,0.143428206,0.340391909,0.474399494,0.40676359,1.030060761,0.616940582,0.232651103,0.090502079
"30","c-CS-m",0.361290323,0.366513057,0.890453578,0.695852535,1.462365591,1.030948092,0.136400851,0.32688172,0.459293395,0.421198157,1.009988538,0.568970814,0.239233666,0.081218274
"31","c-CS-m",0.358148704,0.442921517,0.605804827,1.022812617,1.765114532,1.649982724,0.353719335,0.214513706,0.488265115,0.534547503,1.180117479,1.028539241,0.676686905,0.135248532
"33","c-CS-m",0.383853626,0.459964161,0.603165027,1.025841743,1.783551825,1.564924819,0.335483572,0.235216448,0.539469961,0.555031595,1.063393354,1.05856833,0.590310006,0.122888435
"41","c-CS-m",0.39116481,0.425901454,0.815752949,0.781952048,2.746837833,1.681702521,0.245662734,0.212573155,0.492920521,0.468378327,1.48912792,0.883518973,0.52475133,0.125607217
"43","c-CS-m",0.353691887,0.384229717,0.785832643,0.731084777,2.586144029,1.615575808,0.228666114,0.189835916,0.477666363,0.458523245,1.352112676,0.80515041,0.529549848,0.12054681
"49","c-CS-m",0.329426538,0.408120553,0.925126607,0.719966513,2.663038928,1.699259836,0.272536034,0.182363611,0.471885029,0.37449421,1.322399688,0.858099623,0.50377873,0.105259057
"50","c-CS-m",0.339643653,0.415089087,0.910764981,0.729955457,2.652561247,1.705363309,0.264789381,0.182488864,0.486219376,0.384326281,1.228420164,0.886553452,0.498810711,0.10319957
"52","c-CS-m",0.319839411,0.382234861,0.950364526,0.643860823,2.724322516,1.653051034,0.226905023,0.171462027,0.446637671,0.351789896,1.347248577,0.800434928,0.472585639,0.098571857
"54","c-CS-m",0.340357384,0.4045853,0.953795698,0.630310182,2.754551585,1.607118742,0.237387865,0.181557653,0.496797033,0.360923803,1.30529565,0.847774781,0.507668564,0.099064339
"55","c-CS-m",0.347484277,0.426100629,0.894361548,0.619721473,2.618598383,1.739865311,0.204014261,0.17228212,0.442722372,0.388814016,1.413706589,0.751347709,0.548395616,0.080021128
"62","c-CS-m",0.31456747,0.392085882,0.876159182,0.674447635,3.513543877,1.769404892,0.220518437,0.156409936,0.481462988,0.311571589,1.215991238,0.809511921,0.444249726,0.116465863
"64","c-CS-m",0.314683104,0.406827881,0.861657985,0.607554923,3.867235657,1.682969895,0.196080162,0.174174174,0.465307413,0.316895843,1.290103293,0.740319267,0.413701775,0.109826079
"66","c-CS-m",0.322590887,0.384187966,0.87143894,0.588347357,3.859183997,1.72409726,0.199872981,0.175583426,0.489125258,0.319257025,1.295953547,0.754722972,0.407729995,0.102159318
"68","c-CS-m",0.318448884,0.375636506,0.859593092,0.511946729,3.69800235,1.61497516,0.188549799,0.189385037,0.464943204,0.300430866,1.307546723,0.686839013,0.381476224,0.096995505
"70","c-CS-m",0.316503039,0.384525479,0.830522532,0.528517999,3.471482001,1.538291402,0.188830523,0.201963534,0.467741935,0.315334268,1.34835499,0.615708275,0.340060824,0.092756428
"76","c-CS-m",0.340857393,0.441557305,1.862368101,0.969466317,3.72808399,1.627181412,0.210379464,0.252055993,0.361417323,0.512773403,1.139153815,0.873228346,0.54104099,0.134638799
"77","c-CS-m",0.337682403,0.437253219,1.692204435,0.991845494,3.648240343,1.562096053,0.193397633,0.252017167,0.360257511,0.511502146,1.227851248,0.789012876,0.539226409,0.136273243
"80","c-CS-m",0.309478192,0.411360307,1.969798658,0.815056914,3.871971148,1.607631121,0.19711658,0.354671475,0.346556971,0.486306773,1.132736764,0.715879635,0.491797166,0.124347502
"81","c-CS-m",0.304720552,0.409374304,1.960879285,0.836450679,3.843464707,1.506520119,0.204359165,0.294032509,0.351592073,0.495769316,1.176353701,0.721442886,0.483420268,0.125558867
"82","c-CS-m",0.296924129,0.379357485,1.998196278,0.719480519,3.728229665,1.54136263,0.173977208,0.370608339,0.334244703,0.432125769,1.115438223,0.652084757,0.393785357,0.107157498
"83","c-CS-m",0.287200832,0.367976067,2.015327565,0.685744017,3.572320499,1.485702513,0.170333745,0.370707596,0.342741935,0.38280437,1.141161928,0.604448491,0.409064689,0.112402143
"84","c-CS-m",0.298120805,0.379463087,2.050590502,0.690604027,3.82966443,1.509004104,0.188709272,0.381208054,0.341879195,0.419731544,1.188122958,0.657583893,0.418376748,0.11273976
"88","c-CS-m",0.267385116,0.353599024,1.875875392,0.545140301,2.479869866,0.820333253,0.096232794,0.473769825,0.349328996,0.346685645,0.750664091,0.557340382,0.226273847,0.060613378
"89","c-CS-m",0.27053429,0.349082935,1.843912223,0.513755981,2.523923445,0.788461538,0.099693252,0.518141946,0.344098884,0.295055821,0.811821614,0.547448166,0.244690892,0.066186881
"90","c-CS-m",0.260913096,0.352823388,1.843738809,0.492591109,2.610132159,0.790975289,0.100155187,0.485182219,0.334601522,0.317180617,0.856870001,0.540448538,0.264653217,0.075564044
"91","c-CS-m",0.312189936,0.416991495,2.533202261,0.616672573,3.522324592,1.633226837,0.202457606,0.258858965,0.377126152,0.303951099,1.078348489,0.719613749,0.620987958,0.351830917
"94","c-CS-m",0.280583614,0.371492705,2.47850234,0.455555556,3.524130191,1.606365055,0.181154446,0.383950617,0.333333333,0.295510662,1.021840874,0.61043771,0.578658346,0.301778471
"97","c-CS-m",0.264814815,0.333190883,2.464674978,0.367094017,3.076353276,1.593664236,0.171489061,0.489031339,0.31994302,0.239031339,1.026581981,0.515954416,0.526307535,0.273190622
"99","c-CS-m",0.276089235,0.357239108,2.506235783,0.391076508,3.285821231,1.540591419,0.179935681,0.502620153,0.351100464,0.3031891,1.042513138,0.540200629,0.51235391,0.294297592
"102","c-CS-m",0.273840317,0.345576824,2.371088229,0.348853251,2.909812037,1.370280638,0.173934989,0.581996896,0.335575099,0.244697362,1.049666869,0.481979652,0.475065617,0.273773471
"103","c-CS-m",0.261824324,0.319069069,2.243009201,0.298798799,2.310435435,1.153526971,0.175717121,0.575075075,0.320945946,0.226539039,1.042215407,0.420232733,0.406458596,0.221360274
"104","c-CS-m",0.267065644,0.315129979,2.202440775,0.297737049,2.377033851,1.14626705,0.177853553,0.596970264,0.316813166,0.213390686,1.051687006,0.444361324,0.410624551,0.208542714
"105","c-CS-m",0.249394222,0.315191053,2.196215322,0.338676608,2.318732526,1.060260886,0.175638435,0.581733458,0.313699907,0.207642125,1.062465552,0.422367195,0.413558699,0.239941209
"108","c-CS-m",0.317797218,0.402552703,0.931034483,0.683493475,2.451168794,1.670120215,0.19266055,0.154166069,0.423203786,0.346192457,1.147975324,0.755628854,0.574106295,0.124011389
"109","c-CS-m",0.298439532,0.374837451,0.974851025,0.677828349,2.085013004,1.576911423,0.184021816,0.164824447,0.40263329,0.330136541,1.18977881,0.673764629,0.542167458,0.123522876
"110","c-CS-m",0.303361484,0.375393277,0.965024331,0.651101176,2.151515152,1.558191403,0.180048662,0.150024839,0.387315781,0.313959265,1.166768045,0.685875145,0.541768045,0.117193836
"111","c-CS-m",0.309572301,0.384080109,0.951175407,0.655974202,2.200610998,1.585392807,0.178018887,0.160386965,0.399015614,0.346401901,1.143962226,0.700610998,0.526321077,0.118645771
"114","c-CS-m",0.327321725,0.387230514,0.97320021,0.554104478,2.336442786,1.571466106,0.169600631,0.175373134,0.42371476,0.341003317,1.204414083,0.672885572,0.511297951,0.103389385
"115","c-CS-m",0.312692035,0.349799102,0.984117097,0.481919168,1.912313874,1.459669885,0.169884771,0.18718979,0.371070669,0.28882061,1.220959203,0.525407705,0.474462784,0.095608845
"116","c-CS-m",0.333087874,0.367206676,0.992745624,0.489690722,2.02233677,1.498028702,0.175524365,0.20054001,0.393225331,0.32425135,1.213688693,0.56185567,0.491089733,0.104557641
"117","c-CS-m",0.340184995,0.386947585,1.008183569,0.508735868,2.174203494,1.500320924,0.178273427,0.204265159,0.406217883,0.33299075,1.235558408,0.614594039,0.476091142,0.108793325
"118","c-CS-m",0.363176681,0.436942296,1.023285351,0.533016062,1.889054134,1.455546147,0.164479255,0.220107079,0.425044616,0.344140393,1.313928874,0.603212374,0.437341236,0.128704488
"119","c-CS-m",0.341179807,0.406409529,1.004824837,0.488939308,1.756664776,1.405496119,0.168239983,0.219795803,0.380601248,0.32387975,1.278162366,0.562677255,0.471365639,0.093350115
"120","c-CS-m",0.347788378,0.431627638,1.015625,0.510841284,1.805145996,1.423587329,0.175513699,0.213067361,0.389129806,0.378722174,1.278253425,0.611448395,0.452696918,0.09182363
"121","c-CS-m",0.33079096,0.442749529,2.407528642,1.064595104,4.097740113,1.620141162,0.273220131,0.345856874,0.405461394,0.642843691,1.268975041,0.771092279,0.778590426,0.267747545
"122","c-CS-m",0.330781011,0.44754977,2.339442853,1.065084227,3.837480858,1.633793283,0.277583963,0.333843798,0.406967841,0.632656968,1.279822963,0.7768951,0.787034626,0.27347045
"123","c-CS-m",0.335041762,0.457099468,2.320365535,0.967539863,3.925398633,1.626736292,0.271018277,0.33143508,0.418280182,0.637718299,1.395039164,0.773063781,0.780678851,0.268825065
"124","c-CS-m",0.322812991,0.42234154,2.509699708,0.856207438,4.027894185,1.676654265,0.250265745,0.513750655,0.389863803,0.586694605,1.289131012,0.692640126,0.654398087,0.274515015
"125","c-CS-m",0.324585102,0.416698829,2.38891097,0.825807282,3.816673099,1.642885533,0.263447271,0.455679918,0.394699601,0.598481925,1.286830949,0.680689566,0.683028617,0.274112348
"126","c-CS-m",0.324908807,0.435904117,2.495397765,0.823736321,3.855263158,1.600065746,0.235700197,0.472642001,0.396560709,0.606956748,1.316831032,0.702318916,0.677120316,0.266469428
"128","c-CS-m",0.293022528,0.387046308,2.445673445,0.716051314,3.526595745,1.4021101,0.229898749,0.559292866,0.360607009,0.557259074,1.310388837,0.603254068,0.596273292,0.248957713
"129","c-CS-m",0.285300838,0.378827113,2.485124883,0.713175933,3.377303884,1.545307305,0.216435087,0.550799695,0.349276466,0.568316832,1.310970932,0.599543031,0.593470292,0.2457591
"132","c-CS-m",0.303987047,0.376846792,2.446813496,0.728799838,3.073669298,1.579311153,0.203608247,0.637522769,0.356203198,0.569925116,1.17373477,0.579032584,0.589034677,0.227975633
"134","c-CS-m",0.31896117,0.590015129,2.61159702,0.660363086,3.075895108,1.529964367,0.199060577,0.669188099,0.380231972,0.512859304,1.227243278,0.567070096,0.564949789,0.214447684
"135","c-CS-m",0.31033648,0.398450738,2.519974227,0.687000726,2.932703946,1.553157216,0.188305412,0.674412975,0.359719196,0.544662309,1.174774485,0.535221496,0.567976804,0.214722938
"137","c-CS-m",0.371561927,0.483580597,1.644304743,1.197699617,3.979329888,1.449597749,0.204510485,0.261626938,0.414485748,0.720703451,1.180243549,0.839223204,0.592034114,0.197432628
"142","c-CS-m",0.311093355,0.402050872,1.978304509,0.802770009,5.05779731,1.599830142,0.196571958,0.459581835,0.383007058,0.619256892,1.1571958,0.653216141,0.477995676,0.174722051
"143","c-CS-m",0.313790806,0.411725516,2.016815267,0.828514324,5.048500999,1.537384639,0.199202252,0.413057961,0.379613591,0.579746835,1.179727827,0.658227848,0.486782418,0.172532457
"146","c-CS-m",0.320270752,0.401318133,1.950326539,0.850374065,4.88956181,1.568771027,0.194339996,0.508906306,0.365336658,0.618810118,1.234217297,0.627182045,0.466554522,0.172075994
"148","c-CS-m",0.319736842,0.38377193,1.920052945,0.74627193,4.653947368,1.430840503,0.178027796,0.518421053,0.346710526,0.598903509,1.231369954,0.604605263,0.401588352,0.146657842
"152","c-SC-m",0.553068212,0.356333948,1.588141633,0.397945747,5.354227021,0.982182121,0.139661839,0.376876481,0.303792468,0.263760864,1.402077489,0.649855149,0.279551141,0.074986731
"153","c-SC-m",0.567815149,0.367240908,1.612806055,0.401832103,5.538692918,0.990036302,0.141422723,0.388159694,0.320617993,0.265654908,1.396153549,0.697839759,0.270950799,0.07878273
"154","c-SC-m",0.542926239,0.367593712,1.603997683,0.39436863,5.23838314,1.028679027,0.152954809,0.439454137,0.32682674,0.286577993,1.464561607,0.65607186,0.258594052,0.07387022
"156","c-SC-m",0.516335577,0.351009686,1.607108082,0.370382532,5.105073059,1.051022395,0.149367089,0.380889837,0.30865211,0.26153341,1.437000974,0.642094894,0.275754625,0.072833496
"158","c-SC-m",0.544782251,0.369556286,1.504201681,0.399958915,5.088537387,1.04164607,0.137172516,0.444741167,0.335661463,0.334634347,1.446984676,0.666187346,0.241596639,0.069822046
"162","c-SC-m",0.586618257,0.403786307,1.53499349,0.418827801,5.003371369,1.127766927,0.153808594,0.484180498,0.367219917,0.325466805,1.482259115,0.676348548,0.239257813,0.06266276
"164","c-SC-m",0.636394558,0.442176871,1.470780548,0.460204082,5.101360544,1.072537801,0.159991827,0.56292517,0.402380952,0.37755102,1.457294647,0.764285714,0.226604005,0.055986923
"165","c-SC-m",0.606594842,0.432908913,1.497613613,0.425399935,4.945478289,1.096908072,0.147956007,0.526934378,0.410708456,0.367613451,1.469184478,0.685602351,0.230753268,0.06017846
"166","c-SC-m",0.787429669,0.336215178,1.965960403,0.390284068,6.65129683,0.927144842,0.193035776,0.429943735,0.322080417,0.2245094,1.473080931,0.719226019,0.402570337,0.203021883
"167","c-SC-m",0.797815738,0.345841501,1.886501517,0.409549146,6.763511621,0.891220088,0.191776205,0.440352842,0.321338561,0.23116774,1.42256488,0.71408569,0.383215369,0.206100438
"170","c-SC-m",0.759645464,0.376259993,1.91191312,0.410149461,6.477407021,0.947345327,0.204695042,0.453249913,0.317518248,0.240528328,1.472356297,0.681091415,0.382294866,0.196467749
"176","c-SC-m",0.684301607,0.354017305,1.869550233,0.383189122,5.705067985,1.041357918,0.208857488,0.463535229,0.35105068,0.257849197,1.490608306,0.658343634,0.334137515,0.17198001
"177","c-SC-m",0.693403298,0.389555222,1.781244758,0.38005997,5.701649175,0.983727562,0.209360845,0.457021489,0.33808096,0.275612194,1.416373092,0.660669665,0.327965107,0.164066432
"178","c-SC-m",0.741875,0.38625,1.781116842,0.4571875,5.3215625,1.049338417,0.177394035,0.52375,0.370625,0.2990625,1.478806907,0.69625,0.305449652,0.145548329
"180","c-SC-m",0.760742188,0.387044271,1.719309742,0.416666667,5.600260417,1.01310616,0.195063346,0.539388021,0.372070313,0.327473958,1.417212757,0.701822917,0.292704238,0.142857143
"183","c-SC-m",0.783405359,0.307260156,1.636189814,0.320829732,5.227917027,0.886551944,0.180659366,0.273638721,0.311322385,0.158513397,1.540703401,0.739152982,0.395793499,0.145779014
"185","c-SC-m",0.644882321,0.289764641,1.457614035,0.294362343,4.827586207,0.998666667,0.158035088,0.27454844,0.278927203,0.160262726,1.332,0.658675424,0.346315789,0.126877193
"186","c-SC-m",0.648767123,0.283616438,1.501991166,0.298082192,4.934465753,0.988053001,0.16602708,0.271452055,0.280986301,0.164164384,1.386503512,0.652931507,0.338715517,0.135616538
"188","c-SC-m",0.549803922,0.267843137,1.290486565,0.26130719,4.297647059,0.981299927,0.149055919,0.287712418,0.263006536,0.160130719,1.294480755,0.588627451,0.286310821,0.123910675
"192","c-SC-m",0.504606099,0.267630241,1.186435015,0.27525413,4.087833545,0.994431451,0.15168727,0.29431385,0.272236341,0.164072427,1.273749861,0.601493011,0.284998329,0.109811783
"193","c-SC-m",0.401888604,0.235595391,1.083421053,0.21190781,3.085787452,0.872894737,0.150789474,0.272887324,0.247119078,0.146286812,1.204078947,0.510883483,0.247236842,0.103421053
"194","c-SC-m",0.435135602,0.242356193,1.080094538,0.243910865,3.505614096,0.848214286,0.147321429,0.293314908,0.258075661,0.143893591,1.20575105,0.548281223,0.259847689,0.104385504
"195","c-SC-m",0.489200234,0.278264254,1.09260511,0.277096711,3.755399883,0.879005002,0.147221847,0.326911851,0.293053123,0.171239541,1.218737326,0.619186612,0.25510342,0.105718535
"198","c-SC-m",0.795855503,0.329459535,1.814379783,0.401008121,5.097871745,0.895977932,0.236785905,0.456174741,0.321618594,0.263231588,1.419113721,0.659059087,0.352820787,0.297027941
"199","c-SC-m",0.776059764,0.317060459,1.868629121,0.383599722,4.634989576,0.94684345,0.238778737,0.474635163,0.321577484,0.278839472,1.39326116,0.599895761,0.350322345,0.329765235
"203","c-SC-m",0.664472372,0.272292041,1.945565542,0.331139038,4.246758428,1.081227743,0.268950314,0.40095751,0.289846399,0.260722122,1.412921825,0.553361261,0.343394947,0.341529591
"209","c-SC-m",0.700761035,0.283105023,1.947251114,0.309893455,3.749162861,1.175829619,0.303368004,0.485540335,0.301674277,0.317808219,1.486627043,0.589041096,0.317483903,0.31773155
"210","c-SC-m",0.738286067,0.299630086,1.871221138,0.313810111,3.852034525,1.126874554,0.263032611,0.432490752,0.301171393,0.386868064,1.488217091,0.585080148,0.297310164,0.288978815
"211","c-SC-m",0.623618383,0.312390925,1.896199132,0.337405468,5.185282141,0.955277835,0.174757282,0.413612565,0.29290285,0.222076789,1.47397232,0.593659104,0.330820078,0.230840735
"215","c-SC-m",0.659964093,0.332495512,1.854941416,0.347576302,4.897307002,1.036933265,0.177661742,0.411849192,0.303590664,0.244883303,1.54623026,0.560143627,0.325012736,0.221981661
"218","c-SC-m",0.554902372,0.346840227,1.962062425,0.311988243,4.32878438,1.115019831,0.193136748,0.410665547,0.314507663,0.252991812,1.608380755,0.541465463,0.318675634,0.20451802
"219","c-SC-m",0.539149888,0.306080944,1.952625278,0.285946715,4.139109213,1.092526082,0.19257739,0.390278625,0.287573724,0.246898515,1.634000342,0.515558267,0.325295023,0.213442791
"221","c-SC-m",0.681861349,0.396961064,1.988891357,0.416904084,4.654004432,1.1317485,0.199955565,0.52073441,0.381766382,0.333966445,1.740724283,0.640709085,0.280826483,0.212397245
"223","c-SC-m",0.710035842,0.392473118,1.98989899,0.369175627,4.501075269,1.170413816,0.230694037,0.513620072,0.398924731,0.376702509,1.715868361,0.620430108,0.245356794,0.189638319
"224","c-SC-m",0.68212824,0.363915416,1.930578512,0.350272851,4.316507503,1.196363636,0.212231405,0.466234652,0.357435198,0.325034106,1.732892562,0.633015007,0.26677686,0.20661157
"227","c-SC-m",0.654465593,0.414235837,1.8210267,0.399707174,6.25329429,0.980757707,0.177841401,0.369185719,0.346210159,0.212749183,1.362341035,0.687239554,0.457620348,0.171183168
"228","c-SC-m",0.695777241,0.422621102,1.81346977,0.39512139,6.306869175,1.065877475,0.18452381,0.385686342,0.344379243,0.21712116,1.358212948,0.710965366,0.491439272,0.169007491
"229","c-SC-m",0.628233231,0.426859565,1.836179474,0.392517902,6.027327196,0.977482002,0.182990122,0.40450095,0.367090457,0.234107847,1.38104805,0.677480637,0.364892014,0.154947263
"231","c-SC-m",0.60049903,0.394649293,1.727147292,0.372331577,5.799972276,1.104691273,0.175491549,0.336706404,0.350013862,0.204879401,1.39625733,0.646382035,0.416005519,0.159968955
"232","c-SC-m",0.613996254,0.409160565,1.809272107,0.385663204,5.74816959,0.99922916,0.172447968,0.41494977,0.37067938,0.220330325,1.386961788,0.616890856,0.32000881,0.14436736
"236","c-SC-m",0.522056003,0.379363253,1.807298246,0.370924434,4.782508631,1.070175439,0.173333333,0.358074415,0.34867664,0.209819716,1.421192982,0.529535865,0.33922807,0.169122807
"237","c-SC-m",0.504874391,0.368391451,1.702402957,0.343457068,4.794338208,1.109910422,0.170482013,0.336707912,0.318897638,0.214660667,1.365846723,0.522872141,0.352907721,0.143182141
"238","c-SC-m",0.53217223,0.406386067,1.745087531,0.349782293,4.693517175,1.030546624,0.157377635,0.411707789,0.369617804,0.258587325,1.372811718,0.597484277,0.302608074,0.136834584
"239","c-SC-m",0.515480591,0.382393715,1.758247701,0.347735675,4.547597043,1.049936903,0.164052641,0.340110906,0.337569316,0.237985213,1.378042185,0.572550832,0.311880296,0.143500992
"241","c-SC-m",0.473347002,0.355074321,1.747689528,0.378908252,5.534341363,0.643388229,0.169897853,0.505894413,0.387749872,0.244874423,1.553748871,0.682726807,0.213119311,0.199013272
"245","c-SC-m",0.45433145,0.331607031,1.641044301,0.351537979,4.904268675,0.627581188,0.191667425,0.485561833,0.389516635,0.230225989,1.360502138,0.599026993,0.236514145,0.203766033
"246","c-SC-m",0.455103359,0.342054264,1.588160175,0.359334625,5.082848837,0.802243911,0.184529782,0.465439276,0.381621447,0.240310078,1.264617349,0.622416021,0.262701815,0.202681748
"247","c-SC-m",0.446024942,0.340802806,1.603141994,0.350545596,4.522603274,0.720483384,0.1881571,0.537607171,0.410756041,0.249610288,1.505861027,0.608534684,0.191661631,0.191903323
"248","c-SC-m",0.454977241,0.367108648,1.536693404,0.346131011,4.557094795,0.756734108,0.1795762,0.507619236,0.392242232,0.248565209,1.345863762,0.603601821,0.212019634,0.183407159
"249","c-SC-m",0.429764912,0.340198174,1.495246119,0.354769769,4.445696522,0.801179444,0.182332411,0.477559744,0.373809986,0.244802798,1.27259598,0.56440645,0.242628475,0.180647491
"250","c-SC-m",0.407319186,0.313122564,1.527523624,0.319402339,3.89822434,0.643317834,0.207139643,0.520138588,0.399307059,0.291468168,1.500824959,0.483542659,0.154942253,0.191540423
"252","c-SC-m",0.419879652,0.330733229,1.43497691,0.315132605,3.959438378,0.778489498,0.199165798,0.497214174,0.375975039,0.248495654,1.294503203,0.533541342,0.228362878,0.170564576
"255","c-SC-m",0.430387409,0.358353511,1.388622754,0.295096852,3.400121065,0.806986028,0.19740519,0.536924939,0.411924939,0.251513317,1.321556886,0.577784504,0.209181637,0.172055888
"257","c-SC-m",0.673008791,0.424091327,1.451107584,0.376590999,4.503083585,0.991166931,0.16058243,0.377509513,0.338407033,0.267418974,1.242426334,0.726413856,0.295562763,0.106203851
"258","c-SC-m",0.620501774,0.419285352,1.412536944,0.364546376,4.446908262,0.995876005,0.167777854,0.347820578,0.310314242,0.258109478,1.280912778,0.677521541,0.299127088,0.101450271
"259","c-SC-m",0.568148981,0.422379194,1.368601607,0.361855836,4.091025847,0.991694502,0.166561343,0.399100979,0.315620485,0.302135174,1.121513045,0.668646653,0.269928681,0.090638259
"260","c-SC-m",0.61908555,0.413414051,1.350967513,0.358929425,4.05751155,0.987040653,0.165364814,0.391906962,0.317508364,0.263979608,1.161370495,0.653815517,0.260074561,0.095242322
"261","c-SC-m",0.566671877,0.40503361,1.332384342,0.347506644,4.051117711,0.983807829,0.171797153,0.369391902,0.307800531,0.296701579,1.152580071,0.649835861,0.266903915,0.093238434
"268","c-SC-m",0.543225806,0.429354839,1.102196245,0.364516129,3.155483871,0.890187744,0.168614949,0.549354839,0.379677419,0.302580645,1.076691463,0.651935484,0.226354942,0.073680482
"269","c-SC-m",0.527614934,0.410058624,1.090940585,0.342486887,2.932428263,0.889485536,0.156591027,0.534094415,0.378278309,0.291885221,1.114498528,0.684048133,0.218257405,0.076043651
"271","c-SC-m",0.693723962,0.371052278,1.933481323,0.355059804,5.179948932,1.061007348,0.180266381,0.462169063,0.323478027,0.272275232,1.330296999,0.768310711,0.354715248,0.107700551
"272","c-SC-m",0.711638049,0.368629054,1.870624518,0.370264377,5.318615427,1.084656901,0.174942174,0.447942219,0.326792041,0.275415645,1.31842714,0.744480785,0.352351581,0.105936777
"274","c-SC-m",0.666117879,0.349687191,1.778264955,0.369608166,4.889529141,1.145109093,0.172982566,0.444682252,0.316924597,0.293546263,1.376761666,0.714520909,0.321119115,0.10272471
"277","c-SC-m",0.624296728,0.31756616,1.780599838,0.304855178,4.611585747,0.997838422,0.192785734,0.490935612,0.309439467,0.298812253,1.363009997,0.686392999,0.314509592,0.103620643
"278","c-SC-m",0.64032639,0.326819841,1.805166553,0.303414215,4.765943741,0.977702243,0.192522094,0.438264977,0.31801589,0.300837449,1.388443236,0.712690573,0.318558804,0.101971448
"280","c-SC-m",0.688063934,0.367362722,1.732907459,0.295436968,4.512761021,1.094440608,0.177313536,0.47744264,0.344676463,0.318381026,1.431629834,0.729827275,0.303522099,0.098756906
"282","c-SC-m",0.596060373,0.332054234,1.684130214,0.305960604,4.521105142,1.061207189,0.15089861,0.444614991,0.355845485,0.305193144,1.435062733,0.730110003,0.295015259,0.090539166
"283","c-SC-m",0.67367157,0.293905734,1.815405652,0.255178625,4.364455119,1.144940747,0.211030082,0.478534974,0.313719604,0.339237466,1.502278943,0.73521465,0.320875114,0.092980857
"284","c-SC-m",0.68547913,0.32069371,1.754610545,0.257789536,4.345091123,1.091343025,0.201562161,0.447971781,0.300999412,0.30893592,1.434150575,0.782186949,0.303970493,0.091126058
"286","c-SC-m",0.737016837,0.359497273,1.665808898,0.371591179,4.746502253,1.011715311,0.184397643,0.361868627,0.333649514,0.240929571,1.38464143,0.778989803,0.375770299,0.138078147
"288","c-SC-m",0.739176721,0.361603974,1.582972487,0.361249113,4.813697658,0.960229165,0.179601625,0.353442158,0.344570617,0.249231133,1.424155619,0.764135321,0.359336487,0.143561388
"292","c-SC-m",0.603355821,0.313267601,1.515214385,0.336446981,4.167099118,1.163785154,0.182687875,0.362912991,0.315343366,0.243902439,1.376901798,0.715793115,0.310972799,0.116528354
"295","c-SC-m",0.543667297,0.284120983,1.669826001,0.315689981,3.442155009,1.331730089,0.205686802,0.295463138,0.281285444,0.244234405,1.395812703,0.661058601,0.338661763,0.12095063
"296","c-SC-m",0.614212108,0.321811936,1.631300473,0.324602834,3.901889223,1.275132275,0.201475912,0.331043366,0.322885359,0.274151997,1.418685603,0.742164019,0.337231969,0.122110833
"298","c-SC-m",0.630352166,0.322016722,1.606230032,0.313655941,3.43628072,1.400758786,0.19149361,0.332151001,0.306308589,0.291867241,1.451677316,0.712946542,0.317691693,0.113817891
"301","c-CS-s",0.387873384,0.455639768,1.661612515,0.914578689,4.163798484,1.399614922,0.194368231,0.331341953,0.416228266,0.500222916,1.105222623,0.777084262,0.428592058,0.31566787
"306","c-CS-s",0.404730928,0.460910704,1.989199029,0.843287995,4.806978119,1.32032767,0.166868932,0.482791248,0.462093436,0.478888232,1.075546117,0.774807806,0.340109223,0.303944175
"307","c-CS-s",0.363972361,0.395629118,2.169068204,0.637473887,4.127109111,1.387826391,0.166361017,0.598103808,0.39225454,0.443515989,1.014234565,0.653704001,0.347043926,0.338398393
"309","c-CS-s",0.405121248,0.449381041,2.151489859,0.715448533,4.481939969,1.261413905,0.161589183,0.717144311,0.460742751,0.451585552,1.023537267,0.722570799,0.294967031,0.285535431
"310","c-CS-s",0.369005236,0.415287958,2.462309779,0.729424084,3.866806283,1.392473753,0.170933113,0.451937173,0.429109948,0.466596859,1.213400967,0.657591623,0.355078448,0.331839094
"315","c-CS-s",0.376867594,0.414477074,2.668791614,0.639876352,3.687789799,1.202861595,0.161495963,0.600463679,0.44384338,0.471406491,1.185295368,0.673364245,0.292109364,0.255418615
"317","c-CS-s",0.352573018,0.424895688,1.679637656,0.521905424,3.541550765,1.843909804,0.269517362,0.323365786,0.440716273,0.352746871,1.202990308,0.820671071,0.512686894,0.353431062
"319","c-CS-s",0.323006243,0.383201791,1.974494123,0.430203793,3.230415832,1.763358779,0.239912759,0.480150783,0.405348098,0.318294263,1.146431601,0.725409353,0.480370774,0.349327517
"321","c-CS-s",0.343481375,0.404847182,1.897875058,0.436962751,3.271489971,1.707094752,0.233917789,0.558500478,0.449379179,0.317215855,1.106072922,0.673591213,0.409777055,0.318625174
"323","c-CS-s",0.344949272,0.387884135,2.062910368,0.419791207,2.959123658,1.733852497,0.198579936,0.505072783,0.433759741,0.322011469,1.13963964,0.695338921,0.399526645,0.298900596
"324","c-CS-s",0.325116686,0.382292882,2.09241288,0.414089848,2.995186698,1.601308631,0.192177621,0.521732789,0.431592765,0.310822637,1.055580062,0.663506418,0.351051316,0.279370681
"326","c-CS-s",0.283821478,0.348849372,2.124963014,0.391562064,2.34832636,1.81605681,0.174080284,0.352336123,0.346582985,0.322524407,1.260676595,0.569735007,0.437123977,0.298155637
"329","c-CS-s",0.291858038,0.35782881,2.111944523,0.427348643,2.34091858,1.743136145,0.170110388,0.349478079,0.366388309,0.334446764,1.172940843,0.608768267,0.411406736,0.275969431
"330","c-CS-s",0.300020691,0.360645562,2.100185264,0.40306228,2.344506518,1.763146644,0.159897392,0.343058142,0.368508173,0.345954893,1.139803335,0.626319056,0.412141941,0.278466581
"331","c-CS-s",0.312594382,0.39695963,2.07845453,0.572032619,2.851203061,1.604071762,0.169675496,0.392127253,0.326386792,0.382563173,0.950284011,0.503976644,0.487092964,0.170744053
"332","c-CS-s",0.308365662,0.389237044,1.956188022,0.540535164,2.79528499,1.56109586,0.164939212,0.396697503,0.331841241,0.375808216,0.974676452,0.534268378,0.464563841,0.167852541
"335","c-CS-s",0.313257724,0.385738496,2.166768432,0.487811237,2.756876548,1.520531217,0.151885208,0.612436449,0.336331639,0.349889193,0.967714853,0.548168427,0.434895436,0.16112044
"339","c-CS-s",0.309566059,0.370704952,2.467143141,0.464429747,2.488143249,1.421580306,0.170438753,0.728020648,0.336505888,0.374737861,0.996823506,0.071140507,0.368572563,0.149692277
"340","c-CS-s",0.34977662,0.37714073,2.645190445,0.575577066,2.644080417,1.469076824,0.155584248,0.656180194,0.347356664,0.409903202,1.048676566,0.574087863,0.37908328,0.148482892
"341","c-CS-s",0.351950019,0.397008709,2.606393733,0.606399091,2.717531238,1.395628001,0.154536265,0.686293071,0.357251041,0.423892465,1.015921152,0.594282469,0.362901188,0.14114228
"344","c-CS-s",0.420974889,0.395020046,2.745233399,0.594851234,2.757965816,1.362426036,0.154832347,0.754378561,0.387423507,0.449672927,1.123931624,0.343321376,0.3578238,0.136587771
"350","c-CS-s",0.297756278,0.379888843,1.624062945,0.52562783,3.44195142,1.810544576,0.140140016,0.255969535,0.339645945,0.288184438,1.043181959,0.476842322,0.347252339,0.134378291
"351","c-CS-s",0.297146402,0.379755997,1.58618798,0.529776675,3.479942101,1.741375107,0.154455687,0.261993383,0.347084367,0.281120761,1.020480312,0.473738627,0.35468731,0.132329635
"352","c-CS-s",0.284657569,0.366917485,1.895635981,0.426476215,3.324575947,1.760424257,0.147113594,0.373931896,0.336309144,0.236194363,1.055865922,0.410661905,0.305562303,0.127358109
"353","c-CS-s",0.27206437,0.364722152,1.854991634,0.4204174,3.25257732,1.838180225,0.143335192,0.368745285,0.330274076,0.23183304,1.019440682,0.437767161,0.314795634,0.125408334
"355","c-CS-s",0.26100015,0.33833909,1.895954921,0.445562397,2.71842619,1.683336687,0.1311129,0.297341943,0.334584772,0.226009911,1.006339304,0.429944436,0.290601731,0.113704971
"357","c-CS-s",0.262719429,0.337250818,1.887024273,0.440642666,2.687146683,1.585256218,0.14853661,0.289645939,0.318208866,0.226271943,1.002697033,0.436477239,0.307561682,0.119468585
"359","c-CS-s",0.261940299,0.31380597,1.905619335,0.389365672,2.266977612,1.42223565,0.130876133,0.361567164,0.3125,0.204477612,0.933534743,0.364552239,0.281087613,0.105981873
"361","c-CS-s",0.353081019,0.450171168,1.335637651,3.289273488,3.153290224,2.009125097,0.357150758,0.24524534,0.386268543,2.133415747,1.08776684,0.912609357,0.442373631,0.147494746
"363","c-CS-s",0.341449866,0.436626238,1.243907818,2.91639663,3.019442644,2.051218436,0.360403573,0.243681141,0.395796685,1.940375891,0.876667769,0.887788168,0.450490683,0.141746609
"364","c-CS-s",0.334985134,0.420837463,1.458986175,2.806863231,3.133052527,1.9707905,0.330237504,0.32185332,0.368434093,1.823711596,0.887132223,0.766848365,0.388231124,0.133073378
"370","c-CS-s",0.347344207,0.407988289,1.477476504,2.570054371,2.852990381,1.558172194,0.160959274,0.378920954,0.377457131,1.881639481,0.877930215,0.696361355,0.276331425,0.100464513
"371","c-CS-s",0.321727019,0.368682849,1.543677391,2.533824115,2.633306805,1.672922252,0.177949062,0.359530442,0.356545961,1.590529248,0.885835567,0.655590927,0.316689008,0.110813226
"372","c-CS-s",0.323238321,0.374505146,1.578832703,2.441607284,2.62925574,1.742002064,0.190230478,0.337688044,0.392319873,1.768804434,0.914230019,0.681314331,0.338722624,0.114780415
"373","c-CS-s",0.34885896,0.44332211,1.551221666,3.566685372,2.104470632,1.52708272,0.168383868,0.200523756,0.401047512,1.999251777,1.018840153,0.897399925,0.279805711,0.096114218
"374","c-CS-s",0.341451902,0.446332484,1.612579359,0.687529501,2.105446993,1.665583936,0.170677691,0.209477957,0.404984424,2.088832248,0.971209213,0.888322477,0.305625277,0.111619666
"376","c-CS-s",0.403299973,0.543413579,0.636889909,1.240059508,2.877332973,1.363659048,0.204261902,0.246821747,0.631052204,0.661617528,0.832118974,1.182174736,0.356971754,0.101557042
"381","c-CS-s",0.342089188,0.442883323,0.680375229,0.950061087,2.795204643,1.42505608,0.19951057,0.221136225,0.546579108,0.519700672,1.007545374,0.933567502,0.446060771,0.085106383
"384","c-CS-s",0.340406239,0.405150526,0.680589681,0.808668843,2.514145811,1.335708436,0.170679771,0.205839681,0.51577802,0.417301415,0.975429975,0.768770403,0.412776413,0.075921376
"386","c-CS-s",0.217120181,0.263321995,0.642005003,0.445011338,1.369897959,1.082836252,0.13642486,0.152069161,0.348922902,0.243764172,0.897729459,0.439484127,0.338175871,0.076197806
"387","c-CS-s",0.32972973,0.364324324,0.667836727,0.666810811,2.119567568,1.148931903,0.151740046,0.232216216,0.540108108,0.374702703,0.948350216,0.708108108,0.389028182,0.07852773
"388","c-CS-s",0.320021299,0.42971246,0.669309762,0.687699681,1.865814696,1.004549591,0.150656441,0.253194888,0.581469649,0.395633653,1.002079813,0.685569755,0.245157936,0.087612115
"389","c-CS-s",0.273110175,0.303923742,0.648606203,0.566614941,1.527155841,1.069362649,0.159141474,0.22367546,0.459543339,0.312347595,1.048684727,0.567501663,0.320115168,0.077345897
"391","c-CS-s",0.373847775,0.458124835,1.245095989,0.884777456,2.522978667,2.077083943,0.181479777,0.231301027,0.412496708,0.332565183,1.216612991,0.923623914,0.739386842,0.109373039
"394","c-CS-s",0.309048762,0.381322957,1.651199412,0.681182217,2.901564699,2.068762795,0.176421185,0.204569915,0.361702128,0.270138256,1.307700383,0.773491183,0.608891922,0.102514304
"396","c-CS-s",0.27017673,0.345581738,1.586130875,0.594992636,2.576362297,2.01583325,0.171660487,0.179013255,0.315463918,0.237923417,1.222767812,0.683726068,0.613087484,0.097204129
"397","c-CS-s",0.284963622,0.352869846,2.070927514,0.550727567,2.74242118,2.103875859,0.160419471,0.205133387,0.343371059,0.235953921,1.247573159,0.647433306,0.48685609,0.095018777
"399","c-CS-s",0.268529412,0.336862745,1.925605302,0.54,2.623333333,2.067361017,0.164412282,0.185490196,0.310294118,0.228431373,1.198701474,0.63254902,0.492154741,0.087785743
"400","c-CS-s",0.265509924,0.312070903,2.096985342,0.501685183,2.369991262,2.059279063,0.155803448,0.209836475,0.32517788,0.224815878,1.104360653,0.57046561,0.407393749,0.09818383
"401","c-CS-s",0.252488152,0.302606635,2.096131088,0.468009479,2.252132701,1.94583523,0.154119254,0.181279621,0.308886256,0.233175355,1.131543013,0.54028436,0.418297679,0.080018207
"403","c-CS-s",0.25980688,0.308539529,2.132292616,0.532136391,1.997585999,1.901663628,0.142092069,0.200211225,0.310500905,0.244870247,1.084206928,0.581019916,0.372151322,0.075205105
"404","c-CS-s",0.242136167,0.292604502,2.143397091,0.473507619,1.840626311,1.903447486,0.150269156,0.174332448,0.282259192,0.252201873,1.130798305,0.551936251,0.396518154,0.076623525
"407","c-CS-s",0.327262736,0.421383154,2.059918021,0.670146793,3.136823927,1.756827707,0.1663059,0.266347437,0.438181961,0.398382919,1.129001059,0.859565115,0.745820476,0.164601851
"409","c-CS-s",0.293577982,0.375249302,2.285291762,0.563023534,2.954527323,1.864933144,0.15718775,0.33416434,0.402373355,0.348025529,1.098034383,0.726465895,0.613839423,0.150902705
"411","c-CS-s",0.288948201,0.378706999,2.342442624,0.542111507,2.949485963,1.856356701,0.172722156,0.299822064,0.384539344,0.357354686,1.096116566,0.712336892,0.617159652,0.156087799
"412","c-CS-s",0.276129678,0.36575291,2.218503633,0.485041933,2.671423207,1.805765961,0.148168187,0.399424208,0.391037677,0.333959194,1.191296955,0.626361247,0.545988561,0.138120266
"413","c-CS-s",0.275624462,0.352159468,2.231778656,0.468807678,2.651531931,1.842608696,0.148221344,0.385628153,0.356712194,0.293097084,1.112648221,0.617940199,0.562924901,0.142608696
"414","c-CS-s",0.281058328,0.336019242,2.271953081,0.463619964,2.611665664,1.888487186,0.148549851,0.368490679,0.355862898,0.302345159,1.082108139,0.625496091,0.545352294,0.143006347
"417","c-CS-s",0.270028346,0.310905565,2.26121909,0.421900642,2.131433686,1.735219294,0.150300193,0.422795763,0.351931971,0.282112487,1.106136155,0.537371326,0.51124453,0.134629083
"424","c-CS-s",0.362799263,0.408379374,0.940346936,0.735957643,4.184162063,1.452389866,0.152502184,0.252071823,0.491712707,0.495626151,1.115063023,0.752762431,0.621739673,0.107325596
"425","c-CS-s",0.33957159,0.402931229,0.980769231,0.708455468,4.057722661,1.49535364,0.152297367,0.227508455,0.484780158,0.481397971,1.033815178,0.729425028,0.643520909,0.112028911
"427","c-CS-s",0.348869277,0.370656371,0.97841484,0.645890789,3.89547711,1.413659359,0.142158516,0.246001103,0.444015444,0.477937121,1.103035413,0.688086045,0.603878583,0.103878583
"428","c-CS-s",0.351432469,0.367803547,1.041352725,0.632742156,3.862755798,1.527948134,0.150867356,0.236016371,0.443110505,0.473124147,1.188890836,0.664120055,0.621692658,0.10793762
"429","c-CS-s",0.357001972,0.376725838,0.957876712,0.645533953,3.978303748,1.433219178,0.144178082,0.234432234,0.466046774,0.489151874,1.111986301,0.695688926,0.605136986,0.099315068
"430","c-CS-s",0.451154529,0.48348135,0.968837914,0.597158082,3.818117229,1.428478684,0.139580177,0.251154529,0.482060391,0.556660746,1.197576282,0.637300178,0.590564813,0.093702662
"431","c-CS-s",0.443364611,0.529490617,0.971334792,0.559316354,3.700737265,1.43107221,0.144201313,0.27077748,0.464142091,0.452412869,1.196280088,0.608914209,0.577899344,0.1
"432","c-CS-s",0.401455026,0.493386243,0.947368421,0.538359788,3.588624339,1.367338098,0.146848603,0.254960317,0.447751323,0.455687831,1.18128655,0.618716931,0.595841455,0.089885207
"433","c-CS-s",0.415283674,0.452720957,1.020640144,0.504052489,3.19143188,1.421178582,0.154352378,0.252412196,0.438826708,0.535700502,1.33413102,0.578155152,0.586598863,0.0975172
"436","c-SC-s",0.920550038,0.382734912,1.576342548,0.340106952,4.218640183,0.959882428,0.170320941,0.454392666,0.295187166,0.260962567,1.325627582,0.854392666,0.289799809,0.154273912
"437","c-SC-s",0.921803826,0.381415123,1.56658151,0.333282721,4.25933799,0.934615999,0.1782692,0.448527179,0.303674461,0.249013058,1.376017883,0.84649256,0.301213476,0.153840013
"438","c-SC-s",0.939522869,0.391125969,1.5802937,0.332624221,4.226105455,0.870124743,0.173456498,0.464367117,0.315605531,0.254368637,1.450971104,0.850022793,0.291883783,0.158850466
"439","c-SC-s",0.885652253,0.378867378,1.485143739,0.330920934,3.950606115,1.000482346,0.185220915,0.448163561,0.288945178,0.260358241,1.224773297,0.768952415,0.264036272,0.146054409
"445","c-SC-s",0.789333333,0.377866667,1.316857189,0.308266667,3.238133333,0.993720818,0.174529061,0.499466667,0.317333333,0.2824,1.260666559,0.832,0.222186443,0.129447754
"446","c-SC-s",0.784121083,0.387944769,1.356652292,0.3181094,3.212161445,0.980674014,0.177128254,0.533457249,0.314126394,0.272172066,1.309535218,0.821295805,0.223287015,0.129052867
"448","c-SC-s",0.735399674,0.378140294,1.218259895,0.300489396,2.825774878,0.903472741,0.155526512,0.534094617,0.339641109,0.279934747,1.20631068,0.738009788,0.186893204,0.110716953
"454","c-SC-s",0.937778416,0.405086938,1.492524256,0.399913781,4.163241845,1.270876412,0.170908223,0.389280069,0.315849978,0.284092542,1.34340703,0.912631125,0.316923811,0.068315572
"455","c-SC-s",0.980409357,0.41871345,1.528286789,0.404093567,4.10745614,1.299591902,0.172201328,0.368274854,0.323391813,0.284064327,1.359286229,0.919298246,0.322557414,0.070736977
"459","c-SC-s",0.855428162,0.381762809,1.453024319,0.337513436,3.666965245,1.317605487,0.165142382,0.347903977,0.293264063,0.286993909,1.358449387,0.899677535,0.292039077,0.066722095
"461","c-SC-s",0.735438447,0.3275016,1.386038031,0.312566674,3.256880734,1.393592081,0.166970565,0.317473864,0.276509494,0.295924899,1.412998177,0.803285684,0.286793436,0.06655379
"462","c-SC-s",0.733948894,0.341421516,1.429331603,0.326819841,3.292033498,1.342245295,0.158857884,0.337126906,0.283873738,0.291818767,1.290071382,0.837234271,0.280467229,0.066580143
"464","c-SC-s",0.865810675,0.344914401,1.495464659,0.331822759,3.301359517,1.42683553,0.161389697,0.337613293,0.289274924,0.315458207,1.429573849,0.850704935,0.280164299,0.060585316
"465","c-SC-s",0.831805796,0.32821402,1.440596606,0.331681942,3.250185782,1.438539345,0.174867135,0.340847164,0.283131038,0.363140946,1.443339619,0.830319544,0.268986799,0.063775073
"467","c-SC-s",1.075686537,0.400267917,1.366758961,0.449698593,3.41232418,1.089650528,0.206839781,0.347756196,0.302210315,0.335565975,1.346329417,0.818754186,0.368854299,0.101174886
"474","c-SC-s",0.872440945,0.342125984,1.354486661,0.407480315,2.807283465,1.156965777,0.206009162,0.318110236,0.277165354,0.338582677,1.316760981,0.784448819,0.298302344,0.086230127
"475","c-SC-s",0.891154791,0.360687961,1.316484969,0.418673219,2.657985258,1.259828213,0.193756194,0.346191646,0.286977887,0.371007371,1.379088206,0.795331695,0.295176743,0.06987116
"478","c-SC-s",0.973329338,0.351513335,1.319478403,0.441414444,2.556188193,1.297473513,0.189079055,0.358405754,0.302367396,0.415043452,1.321312143,0.851962841,0.270171149,0.063569682
"479","c-SC-s",1.023084026,0.382887042,1.347006422,0.465989535,2.653431825,1.302050963,0.18873006,0.370575562,0.305324715,0.412434595,1.340169878,0.806709757,0.288170706,0.073337477
"480","c-SC-s",0.974702381,0.333035714,1.328985507,0.468154762,2.586607143,1.300828157,0.196273292,0.358333333,0.29702381,0.424404762,1.3,0.805654762,0.283229814,0.072256729
"482","c-SC-s",1.286291851,0.373847126,1.220304291,0.327858497,3.422362603,1.101112097,0.169748243,0.338850284,0.299178774,0.239418825,1.273862318,0.809981049,0.33581224,0.129357986
"483","c-SC-s",1.300561431,0.392218305,1.253875969,0.343386865,3.609740175,1.083817829,0.176218162,0.3300692,0.306959133,0.256691474,1.276924142,0.864864865,0.350290698,0.128875969
"485","c-SC-s",1.094617652,0.357375523,1.185599567,0.327284008,3.253451218,1.177479022,0.172065325,0.335349775,0.286800062,0.222584148,1.329423441,0.758647433,0.317693765,0.126048904
"486","c-SC-s",1.115732656,0.379584061,1.172856118,0.326401016,3.228131449,1.172317905,0.178417653,0.327194793,0.296237498,0.260200032,1.31063868,0.798539451,0.297362756,0.127915321
"489","c-SC-s",1.106769826,0.367117988,1.184656146,0.326112186,3.10967118,1.194562838,0.179817993,0.349516441,0.286847195,0.255705996,1.324156203,0.810638298,0.285911761,0.11035595
"492","c-SC-s",1.023874488,0.372442019,1.174625038,0.321964529,2.833105957,1.20661157,0.183042547,0.3526603,0.305138699,0.261482492,1.296602388,0.716007276,0.275176002,0.111111111
"494","c-SC-s",0.844929397,0.358151476,1.149032137,0.303465982,2.299101412,1.210486751,0.160496147,0.32169448,0.277278562,0.298074454,1.293741778,0.640308087,0.22476978,0.102800226
"496","c-SC-s",1.395618865,0.377064879,1.161428571,0.345223845,3.553028489,0.967012987,0.175584416,0.344625329,0.27747187,0.24922193,1.175,0.845942064,0.367337662,0.131363636
"497","c-SC-s",1.393444577,0.373778308,1.146174075,0.349821216,3.551489869,0.924187031,0.169585017,0.358998808,0.281644815,0.253277712,1.21069848,0.809296782,0.343723943,0.131293695
"498","c-SC-s",1.432929782,0.377723971,1.153280908,0.352663438,3.638861985,0.909887843,0.177065876,0.363680387,0.286561743,0.254842615,1.199883976,0.806900726,0.34833054,0.130849555
"502","c-SC-s",0.995874439,0.346547085,1.00369155,0.319282511,2.81058296,0.914581624,0.162223134,0.353004484,0.278026906,0.249147982,1.035787531,0.728251121,0.263330599,0.123359311
"503","c-SC-s",1.012787724,0.350018268,0.986309644,0.321702594,2.917610522,0.893597745,0.163478961,0.386554622,0.279503106,0.245341615,1.065331186,0.767994154,0.268673243,0.108516207
"504","c-SC-s",1.016891892,0.34014936,1.00688592,0.315611664,2.829480797,0.89352518,0.165262076,0.35455192,0.27027027,0.238975818,1.082322713,0.771870555,0.275950668,0.10647482
"505","c-SC-s",0.942020202,0.344848485,1.000646162,0.296767677,2.612121212,0.931119152,0.181571465,0.380808081,0.267272727,0.238383838,1.1106229,0.708888889,0.296071336,0.110235203
"507","c-SC-s",0.962032945,0.340297308,1.000384172,0.310164725,2.627159502,0.913305161,0.180688949,0.389714745,0.270188831,0.242065086,1.136637213,0.718963439,0.264054296,0.110129338
"508","c-SC-s",0.849325726,0.330653527,0.992286596,0.288122407,2.207209544,0.904696606,0.170209119,0.405082988,0.294605809,0.254927386,1.107302023,0.746109959,0.246143298,0.096331848
"510","c-SC-s",0.857438017,0.338584711,0.9633606,0.293904959,2.262913223,0.898773006,0.182344922,0.42071281,0.279958678,0.238894628,1.141104294,0.75464876,0.263974097,0.105316973
"511","c-SC-s",1.248601932,0.392730046,1.368164999,0.353711235,3.186070158,1.22125531,0.153076607,0.370869344,0.300076258,0.270589731,1.252021379,0.849008643,0.346032616,0.073043717
"514","c-SC-s",1.00368,0.36384,1.259832366,0.30656,2.8872,1.284056369,0.144699272,0.35776,0.27952,0.31296,1.279819471,0.8088,0.319333149,0.066869301
"521","c-SC-s",0.852616757,0.32785731,1.266822703,0.307439568,2.536728467,1.31816852,0.133265067,0.366345928,0.263083783,0.296174607,1.314803979,0.778221075,0.276331188,0.065389116
"523","c-SC-s",0.969963592,0.326759709,1.2624461,0.29217233,2.541868932,1.400627205,0.139357115,0.369842233,0.282463592,0.327669903,1.328890631,0.83282767,0.285378283,0.05252842
"524","c-SC-s",0.973103657,0.316711998,1.270302312,0.243880326,2.484738592,1.389251136,0.152934203,0.367180417,0.280145059,0.371713509,1.317921359,0.770625567,0.303497333,0.057893697
"525","c-SC-s",0.918299752,0.331769252,1.223768334,0.256693348,2.239304444,1.311583302,0.142910869,0.331217223,0.248688932,0.353574386,1.286385859,0.737786365,0.296352012,0.052651373
"527","c-SC-s",1.060670619,0.406724713,1.31626506,0.391256021,3.912560207,1.28803349,0.189605881,0.299184883,0.312152649,0.277880697,1.303400041,0.914227492,0.409281193,0.132479069
"528","c-SC-s",1.126260704,0.421598478,1.282090968,0.407516651,4.052616556,1.255978831,0.179839233,0.300570885,0.324833492,0.284205519,1.369264566,0.94262607,0.40171751,0.129112786
"529","c-SC-s",0.866583823,0.367261636,1.272342116,0.361726164,3.514234071,1.377532106,0.180656693,0.299480343,0.287053773,0.256439223,1.329206938,0.839697244,0.375744737,0.127565206
"530","c-SC-s",0.900836868,0.375329588,1.250833933,0.365699874,3.495242462,1.302701289,0.178428936,0.289235355,0.29875043,0.25415568,1.288377265,0.860483779,0.372686245,0.122310158
"531","c-SC-s",0.931774349,0.397420444,1.219848687,0.378134041,3.783630665,1.272299574,0.176997902,0.286764706,0.298457088,0.270009643,1.283044059,0.878495661,0.350626232,0.122194672
"532","c-SC-s",0.783972622,0.357478968,1.229378626,0.342506773,3.194353344,1.367022618,0.162952998,0.280336518,0.282047626,0.25780693,1.212225679,0.824183659,0.323888001,0.108130833
"538","c-SC-s",0.534899557,0.255362615,1.101569187,0.255703098,2.270003405,1.462624822,0.164479315,0.214334355,0.211610487,0.228975145,1.340085592,0.647940075,0.32382311,0.126105563
"541","c-SC-s",0.745813463,0.313851614,1.355482226,0.250526783,3.659531995,1.070046498,0.341232938,0.337584562,0.264389487,0.194521459,1.216064197,0.678496174,0.387580621,0.715914204
"542","c-SC-s",0.742581931,0.311891054,1.395052302,0.249667848,3.69054473,1.095059937,0.362373063,0.343224092,0.268379097,0.19010186,1.251278919,0.669397697,0.393677942,0.721844697
"543","c-SC-s",0.710568074,0.337776367,1.439234896,0.244790014,3.567756268,1.081486665,0.361558199,0.316936422,0.248069396,0.185866921,1.210714563,0.640537396,0.391182645,0.7371122
"544","c-SC-s",0.686755431,0.313665032,1.327155895,0.25311843,3.545059566,1.110448873,0.47429689,0.336229853,0.269376314,0.199859846,1.127863662,0.744919411,0.542838517,1.030359471
"546","c-SC-s",0.651265412,0.290071382,1.392076372,0.230889033,3.357170668,1.106921241,0.469498807,0.308241402,0.24633355,0.204412719,1.167828162,0.675924724,0.554844869,1.076563246
"547","c-SC-s",0.628784199,0.301117047,1.229957332,0.256597054,3.080135988,1.034807995,0.473276443,0.318601263,0.26145378,0.191840699,1.107006512,0.691435972,0.482259151,1.086570851
"552","c-SC-s",0.546599496,0.260957179,1.247216036,0.20822838,2.582367758,1.014794782,0.602768056,0.324265323,0.245843829,0.183879093,1.160197264,0.569437448,0.625994273,1.156856507
"555","c-SC-s",0.491497644,0.256095062,1.185898709,0.205695554,2.111042819,0.830387289,0.530883813,0.348084409,0.259373079,0.17947142,1.200397219,0.569350543,0.52571996,1.129096326
"556","c-SC-s",0.508399964,0.402299883,2.142800828,0.313179409,5.749887701,1.256430472,0.309451069,0.491061001,0.361333214,0.265654478,1.34182517,0.800107807,0.514733419,0.417069084
"557","c-SC-s",0.499554208,0.390513552,2.063473945,0.304654066,5.703905136,1.200942928,0.307791563,0.499108417,0.385074893,0.224589872,1.413498759,0.80010699,0.512655087,0.399801489
"558","c-SC-s",0.490548365,0.387176431,2.170298507,0.295470027,5.446611035,1.182587065,0.310049751,0.458702316,0.352094687,0.21270436,1.39358209,0.766859673,0.519054726,0.407512438
"559","c-SC-s",0.468983473,0.616028979,2.340104725,0.288997057,5.502377179,1.295880386,0.300170336,0.53633688,0.347068146,0.216662893,1.384959939,0.744849445,0.45340988,0.396126427
"561","c-SC-s",0.468500444,0.384427684,2.255679259,0.289485359,5.367346939,1.268807517,0.323572945,0.494787045,0.357253771,0.219055013,1.372803913,0.741570541,0.447519145,0.383615419
"563","c-SC-s",0.444134488,0.38863603,2.180564214,0.304066951,5.303626487,1.238700125,0.277197631,0.535897812,0.358684481,0.228013508,1.338216958,0.71267068,0.415991272,0.360582918
"564","c-SC-s",0.462308598,0.39811543,2.179668843,0.297261484,5.403857479,1.182216208,0.282518707,0.549175501,0.371908127,0.229681979,1.296847636,0.726295642,0.428514568,0.378044897
"565","c-SC-s",0.487781596,0.403780069,2.256938937,0.311951126,4.991599847,1.213124504,0.245241872,0.605001909,0.374761359,0.252959145,1.266851705,0.695685376,0.380452022,0.349127676
"566","c-SC-s",0.464237517,0.407557355,2.191263867,0.308463466,5.106998265,1.191461965,0.25683439,0.590514748,0.384037016,0.268556005,1.250297147,0.732022364,0.384805864,0.338054675
"569","c-SC-s",0.451709402,0.452991453,2.230826232,0.299358974,4.849358974,1.076818575,0.240088922,0.612606838,0.378632479,0.252136752,1.271335062,0.710470085,0.355687292,0.320365567
"572","t-CS-m",0.335938245,0.550748118,1.265886569,1.072905747,2.289907557,1.831980292,0.187783439,0.223672925,0.314400076,0.786905556,0.914842394,0.705708568,0.45064666,0.180113096
"573","t-CS-m",0.344510127,0.529702491,1.268573633,1.120069774,2.311948832,1.809744268,0.189539242,0.229867235,0.317666441,0.757631553,0.882550705,0.742029266,0.432925485,0.173941799
"574","t-CS-m",0.298488665,0.43233341,1.547587623,0.885161438,2.257041447,1.795497874,0.196436428,0.29860316,0.278452027,0.631211358,0.966050741,0.582894436,0.381434228,0.175172313
"577","t-CS-m",0.299454197,0.428381767,1.653555364,0.893937159,2.179377489,1.811943727,0.184610968,0.370113586,0.276294439,0.636524561,0.953584075,0.546540788,0.334481769,0.155134463
"579","t-CS-m",0.31568568,0.474362864,1.639231431,0.836165049,2.274726942,1.739986617,0.184303604,0.386225728,0.281705097,0.609678398,0.914826498,0.567050971,0.351304847,0.150176847
"580","t-CS-m",0.305255448,0.428859183,1.822720126,0.822926204,1.985533785,1.664832285,0.183176101,0.4312397,0.264603552,0.566196667,1.007337526,0.482329244,0.330581761,0.15408805
"583","t-CS-m",0.316222655,0.412605588,1.922152732,0.686593026,1.867879575,1.657669519,0.184660961,0.444011263,0.273337665,0.617933723,1.004772877,0.499025341,0.319453588,0.143680053
"584","t-CS-m",0.285140562,0.42908476,1.892342932,0.725005284,1.859860495,1.65117801,0.178828534,0.42443458,0.257239484,0.594588882,0.999018325,0.491016698,0.29973822,0.135307592
"586","t-CS-m",0.308866995,0.487487685,1.626967438,0.721083744,2.515862069,1.796278596,0.200152934,0.252413793,0.307487685,0.471133005,1.075001593,0.662955665,0.604537055,0.234690626
"587","t-CS-m",0.313842724,0.488346169,1.495150491,0.744527767,2.479833806,1.720543145,0.188160941,0.253952169,0.30016214,0.496453182,0.992678806,0.684029185,0.581503035,0.224766911
"588","t-CS-m",0.3177589,0.488470874,1.483519207,0.817253236,2.593244337,1.690148699,0.183705081,0.251618123,0.303296926,0.516990291,1.039281289,0.684466019,0.577013631,0.229925651
"589","t-CS-m",0.310461616,0.45446563,1.694067468,0.694932263,2.424611139,1.720201629,0.186816596,0.347967888,0.28386854,0.48181134,1.021093447,0.612393377,0.527723924,0.222256689
"591","t-CS-m",0.3046875,0.468109631,1.693843468,0.6484375,2.529328893,1.633189099,0.171714871,0.347464139,0.294185451,0.457735656,0.956122372,0.625,0.51529644,0.214301981
"592","t-CS-m",0.294162826,0.425345622,1.945247389,0.60906298,2.247619048,1.641206878,0.178816331,0.389861751,0.280952381,0.420430108,1.082181665,0.550537634,0.451207933,0.19189788
"599","t-CS-m",0.260021475,0.344309234,2.15050598,0.414817466,1.582319256,1.520331187,0.182152714,0.384753042,0.238010021,0.349498926,1.115915363,0.431818182,0.451701932,0.185832567
"603","t-CS-m",0.275130208,0.4109375,0.975771971,0.768619792,2.53125,1.690736342,0.196484561,0.131119792,0.354947917,0.422526042,1.103562945,0.595442708,0.468788599,0.190688836
"604","t-CS-m",0.254860524,0.352634545,1.004554407,0.612285151,2.279797126,1.590965042,0.181437715,0.156663849,0.311355311,0.347280924,1.105859183,0.492110454,0.460610537,0.20310192
"606","t-CS-m",0.2749961,0.400405553,0.985917174,0.674465762,2.607549524,1.544695071,0.189521423,0.151458431,0.328029949,0.404773046,1.104189044,0.541569178,0.418904404,0.200023869
"607","t-CS-m",0.259674134,0.348438561,0.999380901,0.55431093,2.051595384,1.527317753,0.175978951,0.159708079,0.279531568,0.348099117,1.136820926,0.448913781,0.415570345,0.186658412
"608","t-CS-m",0.272964412,0.390162102,0.988320946,0.616172909,2.263089249,1.504322767,0.174730775,0.172908515,0.309483883,0.352338364,1.140603671,0.46450531,0.409221902,0.183527984
"610","t-CS-m",0.286338798,0.354098361,1.047063556,0.570054645,1.983169399,1.439058729,0.168543846,0.195846995,0.308415301,0.351038251,1.164923572,0.426885246,0.393201931,0.161906677
"611","t-CS-m",0.291981132,0.389150943,1.042697526,0.616509434,2.207075472,1.451715882,0.178571429,0.193160377,0.335377358,0.373349057,1.191739824,0.459433962,0.40103751,0.174780527
"613","t-CS-m",0.320041429,0.365354738,1.017262947,0.517348524,1.929829104,1.415561671,0.170127596,0.21232522,0.336872087,0.35085448,1.192644483,0.419730709,0.384038029,0.155366525
"614","t-CS-m",0.318007663,0.39408867,1.036464928,0.542966612,2.064039409,1.402633578,0.174221322,0.21182266,0.348932677,0.35030104,1.237528488,0.460043788,0.380096227,0.144593568
"615","t-CS-m",0.327404113,0.391050584,1.027404086,0.521956643,2.131183991,1.398355755,0.176133533,0.200111173,0.369927738,0.382156754,1.170403587,0.460811562,0.361733931,0.162680618
"617","t-CS-m",0.290086494,0.454956753,0.722944389,1.378310047,2.077844311,1.597492501,0.241673717,0.170991351,0.370725216,0.762608117,1.023690485,0.687691284,0.560110761,0.110068456
"620","t-CS-m",0.295871167,0.452115813,0.720529543,1.101764605,2.331505911,1.500340699,0.224861287,0.174062018,0.367997259,0.647421621,1.060157695,0.619324996,0.530419546,0.095687725
"621","t-CS-m",0.287894031,0.427230047,0.711611955,1.154091214,2.209758551,1.543263106,0.229201372,0.153588196,0.378940309,0.642018779,1.010877021,0.60546613,0.524154826,0.098089172
"623","t-CS-m",0.280538078,0.386417878,0.674902153,0.901497071,1.8941202,1.411081213,0.200709393,0.200911261,0.355391625,0.519635496,1.04415362,0.511824691,0.445572407,0.084760274
"624","t-CS-m",0.283299978,0.400044474,0.668841561,0.976873471,1.953746942,1.450695556,0.199064385,0.190571492,0.355792751,0.514787636,1.029668842,0.531687792,0.453280808,0.081743198
"626","t-CS-m",0.302414231,0.407115629,0.656892484,0.889707751,1.807369759,1.164981463,0.186383552,0.213468869,0.389580686,0.519440915,1.006235254,0.526556544,0.395348837,0.082237951
"627","t-CS-m",0.319340716,0.417203193,0.652611487,0.897244399,1.833633788,1.217768523,0.16970328,0.218130312,0.374710276,0.527169714,1.015269825,0.514550605,0.410550061,0.095089363
"628","t-CS-m",0.277793414,0.379397692,0.598766552,0.694061357,1.525471433,1.115545075,0.17576637,0.244863496,0.361666198,0.448634956,0.939415926,0.460455953,0.401052059,0.059495737
"631","t-CS-m",0.275882705,0.445441851,1.315620588,1.152503491,2.577797726,1.686240534,0.219227314,0.243267504,0.337622182,0.814083383,0.958221024,0.648713345,0.592285971,0.250160442
"632","t-CS-m",0.27332145,0.438898792,1.309839045,1.24499901,2.542285601,1.658813603,0.218068536,0.241532977,0.317686671,0.747672806,0.966770509,0.641513171,0.616173416,0.255646417
"634","t-CS-m",0.279685354,0.416531402,1.437609842,0.93307529,2.503808216,1.552644192,0.213452628,0.377700087,0.31277313,0.646522662,0.937130532,0.568485454,0.4893753,0.232704905
"635","t-CS-m",0.266413987,0.392223988,1.44676259,1.036679301,2.448832376,1.558673062,0.223820943,0.361291111,0.301381587,0.707543709,0.94756195,0.547132901,0.531095124,0.233573141
"637","t-CS-m",0.270034345,0.394104179,1.519220698,0.967372639,2.200915856,1.541636116,0.212946475,0.406554093,0.308242702,0.676445335,0.96145386,0.533199771,0.485492825,0.209908872
"643","t-CS-m",0.257594673,0.353100291,1.560464366,0.691635456,1.525801082,1.211222186,0.220574008,0.503953392,0.313774449,0.479192676,0.96372138,0.414065751,0.419542083,0.171880039
"650","t-CS-m",0.348655785,0.478636582,1.584874864,1.083533365,2.536845895,1.997755713,0.186343852,0.25,0.386101776,0.673787806,1.073721436,0.734277484,0.44117247,0.096980413
"651","t-CS-m",0.337788291,0.474985216,1.534243811,1.005558841,2.509047901,2.031485468,0.184876211,0.239858072,0.386871674,0.651803666,1.033503767,0.74145476,0.445371367,0.094658235
"654","t-CS-m",0.311873136,0.430468962,1.731715771,0.819869883,2.443480618,1.933968804,0.185441941,0.269043101,0.361344538,0.563296286,1.055025997,0.656953104,0.415857886,0.087608319
"659","t-CS-m",0.304244853,0.384222991,1.959634425,0.76753507,2.230643104,1.832140137,0.18126428,0.342503188,0.33977045,0.589907087,1.155521706,0.586627801,0.404722011,0.075552171
"660","t-CS-m",0.304812834,0.386987522,1.931225652,0.714616756,2.23600713,1.770902008,0.192088702,0.331729055,0.343493761,0.517468806,1.137848367,0.585204991,0.392568175,0.078064129
"661","t-CS-m",0.375296677,0.536886867,1.923300699,0.973101266,6.32772943,1.654321678,0.20979021,0.334948576,0.429588608,0.635878165,1.129734266,0.788172468,0.673622378,0.371132867
"662","t-CS-m",0.346384681,0.517481185,1.884123101,0.842621701,6.09555111,1.648273508,0.219409523,0.313803944,0.418500524,0.612365438,1.187098242,0.774888063,0.701177541,0.377495876
"664","t-CS-m",0.344278607,0.463681592,2.068746654,0.668781095,6.404850746,1.696719431,0.201728225,0.523756219,0.371393035,0.536069652,1.135352145,0.659079602,0.605490556,0.37034488
"665","t-CS-m",0.347203358,0.464131374,2.080301416,0.722558341,6.35214224,1.679479373,0.209620947,0.508581306,0.383380664,0.470922336,1.137996651,0.658846771,0.630080682,0.360100472
"667","t-CS-m",0.325703455,0.442338533,2.125139043,0.62297711,6.043446567,1.549870226,0.190304042,0.506050445,0.346697769,0.487826214,1.11744531,0.58507071,0.582406377,0.339451242
"668","t-CS-m",0.304952215,0.414132638,2.042947091,0.663046626,6.125253403,1.667700404,0.186072738,0.519403417,0.359687228,0.521285838,1.187482379,0.600637127,0.594117094,0.336340569
"669","t-CS-m",0.288815153,0.413383105,2.116057234,0.650490806,5.871837412,1.66557561,0.197886468,0.47656574,0.349785704,0.443937509,1.173665014,0.580810176,0.586926026,0.352005985
"671","t-CS-m",0.325420376,0.436597428,2.006614252,0.633234421,6.116320475,1.346312243,0.165231499,0.610089021,0.359248269,0.509000989,1.214027206,0.589119683,0.499937601,0.281916885
"673","t-CS-m",0.365908523,0.441889528,2.01734646,0.597100725,5.930767308,1.322394124,0.172214409,0.63784054,0.379155211,0.524868783,1.205813408,0.610097476,0.487732458,0.255352399
"674","t-CS-m",0.309025433,0.39455323,2.133939974,0.539050191,5.491334684,1.462324393,0.177203065,0.574161603,0.329282017,0.500112537,1.255268199,0.540175557,0.500957854,0.283844189
"676","t-CS-m",0.350009677,0.452486936,1.786346667,0.847396942,3.71008322,1.93776,0.152213333,0.245113219,0.384168763,0.422972711,1.167626667,0.760789626,0.480213333,0.154613333
"678","t-CS-m",0.342102764,0.444581632,1.75975039,0.815936936,3.656472599,1.957265433,0.152774682,0.256434609,0.384177035,0.432709659,1.226320481,0.772722956,0.49760419,0.161410742
"680","t-CS-m",0.338411458,0.436979167,2.065634373,0.711979167,4.159635417,2.064797377,0.162516566,0.38046875,0.37890625,0.404947917,1.304456999,0.704296875,0.425263305,0.147101904
"684","t-CS-m",0.306609741,0.411290323,2.242193938,0.594402277,3.814832385,1.94634191,0.147513964,0.462839975,0.356419987,0.38598988,1.082043769,0.61116382,0.347587217,0.132863291
"687","t-CS-m",0.325496242,0.407592985,2.304136541,0.576989786,3.616303719,1.906483347,0.139978665,0.524571208,0.356523415,0.375987666,1.300817826,0.563499711,0.347990992,0.128718739
"689","t-CS-m",0.325436983,0.40800368,2.533063007,0.586706532,3.379944802,1.866500312,0.142545228,0.547838086,0.353265869,0.401793928,1.231129133,0.554277829,0.320960699,0.121490954
"691","t-CS-m",0.315473592,0.520624182,2.789828655,1.077258839,5.635312091,1.585915664,0.267164905,0.458751637,0.36141423,0.692383239,1.210900474,0.639349629,0.73745291,0.368756836
"692","t-CS-m",0.310189166,0.505803955,2.730855787,0.982695615,5.565885641,1.58804209,0.263365975,0.462381771,0.360597592,0.653374893,1.227540904,0.636070507,0.729760963,0.360926951
"695","t-CS-m",0.321164647,0.483742241,2.842267882,0.941619864,5.672036654,1.580024718,0.273675266,0.725539462,0.352645581,0.599467928,1.193727792,0.580106414,0.707708945,0.34752047
"697","t-CS-m",0.332067591,0.505031327,3.10668253,0.936016708,5.544902221,1.579317866,0.232203054,0.944750332,0.373837099,0.601480919,1.187487607,0.588380482,0.627900059,0.311620067
"698","t-CS-m",0.326855451,0.502498612,3.113050456,0.85582084,5.459559504,1.526632561,0.221887852,0.93337035,0.369794559,0.609106052,1.19349985,0.586711086,0.635971512,0.308556525
"700","t-CS-m",0.337641357,0.476344334,3.091585913,0.799907685,4.984537272,1.487827937,0.240250532,1.04823448,0.357950612,0.581583199,1.169108958,0.525732749,0.616875443,0.294256677
"701","t-CS-m",0.341549296,0.529342723,3.112734616,0.769248826,5.031220657,1.473509147,0.238892849,1.010093897,0.373004695,0.622065728,1.146828225,0.541314554,0.613684961,0.306248515
"705","t-CS-m",0.357184074,0.523946913,3.381976285,0.811886901,5.004616272,1.393201581,0.239051383,1.085401039,0.401038661,0.623196769,1.206798419,0.562319677,0.577233202,0.288695652
"706","t-SC-m",1.466666667,0.462060606,1.631723491,0.382060606,4.537090909,1.19827182,0.351329627,0.382424242,0.378424242,0.267393939,1.439279255,0.752848485,0.499229687,0.679683837
"707","t-SC-m",1.403926436,0.427281959,1.648833829,0.348978901,4.300011283,1.246106997,0.372897778,0.345706871,0.341645041,0.247771635,1.371098346,0.685208169,0.512907468,0.66516714
"711","t-SC-m",1.16128591,0.388645691,1.428318427,0.321340629,4.0374829,1.317276189,0.356946781,0.338987688,0.322708618,0.248563611,1.470734083,0.646785226,0.512706987,0.84114053
"712","t-SC-m",1.07521815,0.40104712,1.57625028,0.312914485,4.00069808,1.270127831,0.384951783,0.369109948,0.328097731,0.270157068,1.323278762,0.708202443,0.501457726,0.8288854
"713","t-SC-m",0.993147332,0.364659814,1.618581626,0.283243596,3.666992984,1.306009671,0.392125259,0.321585903,0.301354218,0.28014358,1.370250979,0.627671725,0.529242459,0.859313838
"716","t-SC-m",0.974817222,0.354589764,1.572964217,0.275792039,3.487611698,1.301133854,0.40951259,0.335499594,0.305645816,0.273354996,1.410101605,0.594841592,0.596230305,1.003681343
"717","t-SC-m",0.946978792,0.363345338,1.564730168,0.273309324,3.491596639,1.254792097,0.418902978,0.332132853,0.294317727,0.263905562,1.450014745,0.603641457,0.553524034,0.849896786
"722","t-SC-m",1.872898533,0.497913437,1.323711213,0.364373435,3.997973054,1.058412659,0.143590061,0.359365685,0.361631096,0.264456898,1.35035233,0.915345177,0.369081469,0.159537644
"725","t-SC-m",1.591959799,0.509978464,1.391332315,0.347020818,3.710552764,1.092466029,0.143684168,0.344723618,0.347307968,0.227997128,1.306585189,0.829002154,0.320977728,0.149473346
"726","t-SC-m",1.483337639,0.42676311,1.378588566,0.314389047,3.328209765,1.206585588,0.14991313,0.29759752,0.307930767,0.197365022,1.286009763,0.762464479,0.349549102,0.150657731
"727","t-SC-m",1.43836326,0.504143646,1.352257534,0.337879834,3.428522099,1.042579451,0.141314409,0.34461326,0.348411602,0.247410221,1.292605163,0.793853591,0.273475265,0.136583359
"728","t-SC-m",1.399190147,0.452674203,1.327734578,0.319554581,3.315167876,1.085847589,0.14380508,0.3371014,0.33440189,0.230808166,1.258061172,0.774928294,0.298600311,0.142457232
"729","t-SC-m",1.329195551,0.43495083,1.297607756,0.302273094,3.184749315,1.123616819,0.143534619,0.302111881,0.332742222,0.217636627,1.280113816,0.731420281,0.291811571,0.141532301
"732","t-SC-m",1.145788548,0.421731483,1.318911175,0.30369357,2.929255423,1.152578797,0.142550143,0.331248779,0.344146961,0.218096541,1.37722063,0.697674419,0.306446991,0.138968481
"734","t-SC-m",1.268667297,0.458175803,1.262584585,0.330812854,2.855623819,1.058920614,0.13253012,0.337665406,0.34168242,0.290879017,1.288331408,0.755907372,0.273312428,0.131209771
"736","t-SC-m",1.060150376,0.511627907,1.47260274,0.329428222,3.375590138,0.673695552,0.343543174,0.647141109,0.445882147,0.254065396,1.338771741,0.78842455,0.207480376,0.771202093
"737","t-SC-m",1.014817309,0.494190941,1.460190957,0.319919178,3.255261829,0.73400142,0.343643967,0.592523994,0.407476006,0.288095639,1.282332518,0.751978448,0.231515821,0.796496489
"738","t-SC-m",1.02624,0.47536,1.591610791,0.3088,3.09456,0.749727117,0.289100265,0.5136,0.38384,0.21056,1.324497115,0.73328,0.371978793,0.765398409
"741","t-SC-m",0.881382256,0.45971656,1.374748094,0.286934576,2.842360707,0.722597038,0.282660124,0.515433896,0.39565133,0.224810716,1.102339437,0.678120753,0.2775782,0.746341891
"743","t-SC-m",0.919675563,0.493458922,1.268985849,0.335426478,2.660648875,0.708726415,0.318632075,0.59811617,0.433804291,0.274463632,1.119929245,0.723443223,0.211792453,0.789858491
"745","t-SC-m",0.789802007,0.427990236,1.434020778,0.282072145,2.090859778,0.765855171,0.406574663,0.587740711,0.393273664,0.252780038,1.417584122,0.630593979,0.200806327,0.947743836
"748","t-SC-m",0.73064275,0.417040359,1.253270142,0.276233184,1.810762332,0.670900474,0.349194313,0.613751868,0.420627803,0.246636771,1.270331754,0.608370703,0.145592417,0.806255924
"749","t-SC-m",0.768111455,0.400928793,1.234799235,0.273993808,1.869349845,0.719502868,0.340726577,0.587306502,0.415479876,0.243653251,1.221414914,0.611455108,0.194837476,0.853728489
"751","t-SC-m",0.894339623,0.49245283,1.538420172,0.335627081,5.229522752,1.019478967,0.28585086,0.348834628,0.408657048,0.244395117,1.40541348,0.911986681,0.590941683,0.385038241
"755","t-SC-m",0.858389913,0.487875849,1.542881448,0.319246224,5.185949841,1.094037584,0.30392081,0.357212138,0.422197589,0.255923514,1.432449153,0.919495635,0.572964195,0.372360993
"757","t-SC-m",0.765402437,0.466792518,1.403506941,0.309764888,4.835421315,0.795637199,0.301743033,0.387849665,0.398318174,0.270808306,1.435236405,0.929809507,0.565285461,0.366558814
"758","t-SC-m",0.751340483,0.453753351,1.453230769,0.305630027,4.782004021,1.044512821,0.291179487,0.35924933,0.40616622,0.264745308,1.429538462,0.922587131,0.533333333,0.357128205
"761","t-SC-m",0.785904255,0.468971631,1.485343709,0.324024823,4.414450355,1.160311284,0.347470817,0.342641844,0.391843972,0.291445035,1.893644617,0.83266844,0.646433204,0.374967575
"762","t-SC-m",0.815597999,0.512050932,1.521665582,0.339472487,4.592769441,1.139492518,0.327651269,0.350386539,0.407003183,0.298317417,1.897202342,0.871305139,0.64281067,0.339492518
"763","t-SC-m",0.852579209,0.440167583,1.379242234,0.324692328,4.325739722,1.156401508,0.275453403,0.33987955,0.385441215,0.306362922,1.458071467,0.924849437,0.537259831,0.347997845
"770","t-SC-m",0.825733475,0.423824673,1.771439889,0.326440438,3.977730647,1.086551792,0.218261042,0.443619654,0.396429834,0.327324143,1.533769063,0.881053376,0.367300456,0.183798772
"774","t-SC-m",0.763679449,0.413614821,1.753356348,0.308272296,3.735028005,1.043089119,0.200997315,0.451960362,0.397673417,0.306764326,1.543536632,0.905859543,0.350594553,0.179516686
"775","t-SC-m",0.855696203,0.414627286,1.69072699,0.342616034,3.793530239,0.935244345,0.164565705,0.457946554,0.405063291,0.392405063,1.392850976,0.865541491,0.37351062,0.179243654
"777","t-SC-m",0.753513795,0.425299323,1.837443382,0.311556481,3.562467465,0.586478779,0.160208019,0.474752733,0.428422697,0.336803748,1.461667505,0.889380531,0.330984734,0.178158027
"780","t-SC-m",0.857714702,0.404294032,1.836157025,0.306768559,3.759461426,1.015289256,0.188842975,0.516739447,0.454876274,0.403202329,1.475413223,1.06077147,0.342355372,0.164876033
"782","t-SC-m",0.540170499,0.464866959,1.704891304,0.331051408,6.2680186,1.076086957,0.146506211,0.392921726,0.332730561,0.240118832,1.494021739,0.76156032,0.377018634,0.083540373
"783","t-SC-m",0.539945617,0.478311537,1.730492057,0.329923605,6.4638094,1.035102673,0.144207671,0.40062152,0.346626958,0.242133886,1.54668733,0.761103198,0.372103836,0.082758621
"785","t-SC-m",0.559193548,0.455645161,1.624849579,0.324677419,5.958064516,1.062976334,0.143702367,0.39983871,0.330322581,0.253225806,1.518852788,0.701290323,0.329823506,0.076413959
"788","t-SC-m",0.520501592,0.428144904,1.638834951,0.320660828,5.87758758,1.114174757,0.149644013,0.392914013,0.321058917,0.267515924,1.529061489,0.738853503,0.325566343,0.07197411
"790","t-SC-m",0.548735576,0.429904247,1.55408129,0.322366806,5.394058434,1.171313403,0.136714814,0.378836239,0.33095998,0.278173337,1.411320121,0.691136754,0.306852536,0.054585153
"791","t-SC-m",0.546909628,0.442501847,1.565996282,0.329967988,5.381679389,1.19553828,0.159033294,0.3811869,0.325535582,0.315932036,1.407300997,0.670770746,0.296095995,0.061010647
"792","t-SC-m",0.543703704,0.428148148,1.581174877,0.339012346,5.494074074,1.195530726,0.148975791,0.36691358,0.329135802,0.28962963,1.393431522,0.678024691,0.300998815,0.058405282
"793","t-SC-m",0.578005865,0.402346041,1.663311202,0.324926686,4.937243402,1.248661384,0.150139216,0.352199413,0.344281525,0.326979472,1.460055686,0.705571848,0.301135147,0.060184194
"795","t-SC-m",0.606607525,0.44417253,1.659893048,0.340471092,5.233404711,1.265026738,0.157219251,0.394616091,0.332517589,0.305598042,1.432513369,0.739369838,0.298181818,0.065882353
"797","t-SC-m",0.631755341,0.497835498,1.791321193,0.501885212,5.753246753,1.000387447,0.158930647,0.426337104,0.337103756,0.353023321,1.475629601,0.747940232,0.350716776,0.081286323
"799","t-SC-m",0.558437295,0.435489166,1.766803841,0.459783322,5.03906763,1.065451695,0.160199882,0.381648063,0.312048588,0.326657912,1.445130316,0.669238345,0.340485989,0.074661964
"800","t-SC-m",0.595490026,0.47111882,1.778412448,0.48065915,5.249956635,1.031219224,0.154618869,0.408326106,0.328360798,0.359930616,1.45893244,0.703555941,0.331298011,0.0710065
"801","t-SC-m",0.598203276,0.471023428,1.737389445,0.482296988,5.372203629,1.022062397,0.154728351,0.41958781,0.340144442,0.368680641,1.485761493,0.749867888,0.317717951,0.072601808
"802","t-SC-m",0.538382171,0.391250516,1.700122067,0.400742881,4.861535287,1.135901261,0.162213482,0.395171275,0.300453983,0.326248452,1.419910484,0.698720594,0.331072833,0.073782721
"803","t-SC-m",0.568791586,0.441511054,1.728928128,0.418544752,5.134363597,1.13243206,0.15519382,0.407383559,0.310796308,0.356084997,1.503103876,0.733848465,0.31204304,0.070630432
"804","t-SC-m",0.543976657,0.39266361,1.719127016,0.422259275,4.920591913,1.079707198,0.153992138,0.395998333,0.305335556,0.384535223,1.503998916,0.686744477,0.301342009,0.068591568
"806","t-SC-m",0.531551596,0.408314774,1.798884758,0.426379609,4.509774808,1.208178439,0.172490706,0.386043059,0.309824301,0.359069537,1.564869888,0.622865627,0.321747212,0.07063197
"807","t-SC-m",0.531715946,0.451604751,1.735611182,0.42026788,4.603992924,1.192581765,0.166453499,0.415213546,0.320950215,0.364417488,1.575552713,0.679807935,0.305134296,0.066873744
"808","t-SC-m",0.593016069,0.384116193,1.770222222,0.388751545,4.458281829,1.256222222,0.178666667,0.424598269,0.321075402,0.382571075,1.587777778,0.720642769,0.336888889,0.056222222
"809","t-SC-m",0.675641026,0.409294872,1.811002662,0.431730769,4.613461538,1.260425909,0.190550133,0.421153846,0.330128205,0.380128205,1.605590062,0.752884615,0.335847382,0.061889973
"810","t-SC-m",0.591236495,0.361344538,1.817677104,0.385654262,4.350840336,1.213191206,0.183211193,0.405762305,0.325030012,0.364945978,1.639129469,0.68847539,0.320675105,0.061514546
"811","t-SC-m",0.665638826,0.498324172,1.529667812,0.384770076,5.223890602,1.049637266,0.1844979,0.386244805,0.324038075,0.296420432,1.411760214,0.742056576,0.35364643,0.130507827
"813","t-SC-m",0.689299294,0.500814775,1.589155049,0.388375883,5.262085823,1.005776785,0.190171763,0.396116241,0.347501358,0.305676263,1.444196257,0.782319392,0.352846029,0.13355927
"816","t-SC-m",0.681989708,0.489365352,1.507397737,0.407375643,5.221269297,1.062179673,0.190987332,0.403259005,0.34271012,0.316123499,1.459239919,0.783876501,0.324726816,0.123585727
"817","t-SC-m",0.61499799,0.450341777,1.400525436,0.388218737,4.656614395,1.072008598,0.171721997,0.40570969,0.330317652,0.316646562,1.48483401,0.720144753,0.314067351,0.113446382
"821","t-SC-m",0.657669349,0.48429795,1.434768791,0.424604205,4.581105632,1.085174003,0.186874305,0.438100182,0.383856735,0.392681028,1.529159383,0.723332468,0.308437947,0.110757985
"825","t-SC-m",0.656369427,0.52611465,1.401944559,0.415605096,4.39044586,1.029168391,0.189697973,0.446815287,0.385350318,0.388216561,1.473727762,0.771019108,0.291890774,0.103847745
"826","t-SC-m",0.640310786,0.432929616,1.691328413,0.543761426,5.359689214,0.968327183,0.220787208,0.375799817,0.324611517,0.374428702,1.363284133,0.846320841,0.386408364,0.141266913
"827","t-SC-m",0.622474887,0.416050337,1.656680358,0.520035324,5.130146815,0.93579367,0.217443827,0.374544652,0.320344409,0.356220333,1.388741242,0.838392759,0.37158734,0.139466055
"828","t-SC-m",0.634457098,0.427443906,1.644571359,0.532303529,5.250761078,0.943131417,0.22686676,0.378509415,0.334874281,0.370052994,1.398626891,0.877325516,0.393219515,0.139680418
"830","t-SC-m",0.637551674,0.400186692,1.563276341,0.444459261,4.769569276,0.978225924,0.230016075,0.328443793,0.303240432,0.314841979,1.302645039,0.719029204,0.353061523,0.134297823
"831","t-SC-m",0.65281777,0.423693953,1.593463092,0.452077334,4.968600027,0.940653691,0.238560411,0.344302756,0.318798848,0.326203209,1.32875505,0.728781023,0.331325744,0.133015057
"837","t-SC-m",0.560279441,0.382235529,1.345723565,0.414770459,4.084431138,0.954529051,0.216528329,0.389620758,0.313972056,0.336926148,1.33970889,0.683832335,0.309154337,0.116564417
"841","t-CS-s",0.340650134,0.438002681,1.371937429,0.776977212,2.55747319,1.357802488,0.222860912,0.157004021,0.445542895,0.434148794,1.284771956,0.697050938,0.65812288,0.222766679
"842","t-CS-s",0.376893939,0.460399449,1.360375587,0.829201102,2.648243802,1.32741784,0.228262911,0.167183196,0.468319559,0.440082645,1.204413146,0.746212121,0.64084507,0.21286385
"843","t-CS-s",0.355633803,0.461435278,1.377058178,0.792421194,2.6240778,1.267105745,0.209751189,0.176391683,0.490442656,0.463112005,1.215697036,0.768276325,0.572996707,0.200146359
"844","t-CS-s",0.310567515,0.402935421,1.372811406,0.626223092,2.6481409,1.329914957,0.21835918,0.20332681,0.41409002,0.401369863,1.262381191,0.645988258,0.633441721,0.213231616
"845","t-CS-s",0.347366238,0.428660307,1.35037037,0.664039818,2.80423061,1.297777778,0.206419753,0.22065533,0.453961012,0.436540854,1.268765432,0.720862713,0.61691358,0.201728395
"847","t-CS-s",0.319639041,0.377819995,1.430487053,0.554500119,2.494656851,1.327527744,0.217324291,0.220375208,0.376870102,0.461410591,1.246609125,0.600332463,0.615135635,0.200832306
"848","t-CS-s",0.346978558,0.386695906,1.372648552,0.596491228,2.563840156,1.31054046,0.196775157,0.242446394,0.413011696,0.428118908,1.269782024,0.626949318,0.58241266,0.19737235
"851","t-CS-s",0.353821138,0.422764228,1.342414082,0.49203252,2.504390244,1.351215423,0.190905281,0.265365854,0.40097561,0.367479675,1.397317687,0.584065041,0.632648785,0.198449288
"853","t-CS-s",0.3946793,0.407069971,1.405691057,0.513483965,2.322521866,1.440108401,0.202168022,0.269314869,0.414723032,0.403790087,1.562059621,0.659620991,0.652845528,0.193495935
"855","t-CS-s",0.384257603,0.376028623,1.436552275,0.533452594,2.324150268,1.365522745,0.18462357,0.564937388,0.420751342,0.430053667,1.530194201,0.638998211,0.665336526,0.199787177
"856","t-CS-s",0.353567805,0.51149814,2.797498383,0.762935408,4.610585052,1.799439293,0.271188268,0.320257017,0.394234021,0.382651336,1.288979944,0.637724045,0.714254906,0.321220617
"861","t-CS-s",0.314676916,0.452197934,2.874566634,0.631395628,4.287653135,1.807932326,0.248925253,0.526543358,0.378453039,0.380975258,1.203855221,0.611938506,0.646373596,0.318471779
"862","t-CS-s",0.308911159,0.444068256,2.905648774,0.616061755,4.263949079,1.858736713,0.232451902,0.542930661,0.350216685,0.385834236,1.191601511,0.5562026,0.548537292,0.308091013
"863","t-CS-s",0.335032374,0.450199752,2.86971587,0.604215457,4.287642926,1.755024255,0.227130977,0.543187767,0.357900537,0.350737016,1.10507623,0.589337374,0.539241164,0.298769924
"864","t-CS-s",0.329613392,0.435764581,2.90247325,0.60236482,4.10827687,1.760042098,0.219522891,0.551747044,0.354722997,0.339710376,1.171636555,0.580975156,0.595684968,0.30380635
"865","t-CS-s",0.313707946,0.422870437,3.244001863,0.495705082,3.952040086,1.710225949,0.207314232,0.524337867,0.364173228,0.375805297,1.352434195,0.57408733,0.61996273,0.292685768
"866","t-CS-s",0.301131262,0.412820973,3.143166781,0.501705872,3.967139522,1.686972393,0.22667123,0.518225893,0.356796552,0.337762614,1.374287018,0.564374214,0.621263974,0.293976728
"869","t-CS-s",0.31030303,0.415555556,3.100853711,0.581818182,3.581818182,1.595138186,0.201707423,0.459393939,0.344444444,0.353333333,1.245839965,0.572323232,0.529156417,0.262769498
"870","t-CS-s",0.296221938,0.403358277,3.199303237,0.528928637,3.292936667,1.641602555,0.204528959,0.402628217,0.319218836,0.369775506,1.193206561,0.494250776,0.543184787,0.264189287
"871","t-CS-s",0.323308271,0.503668811,2.75404157,0.58537911,2.936588459,1.568954141,0.334268118,0.305824803,0.359181085,0.393785669,1.127790608,0.715916297,0.8226108,0.5186957
"873","t-CS-s",0.319437115,0.474670185,2.644185919,0.592348285,2.841600704,1.591999122,0.329967623,0.291468777,0.343271768,0.411081794,1.227130549,0.684960422,0.80738627,0.518685178
"874","t-CS-s",0.28272429,0.431383641,2.817914936,0.473696119,2.596560697,1.518545038,0.280681655,0.405588868,0.316891051,0.333069352,1.128240011,0.604027605,0.719246742,0.519547472
"878","t-CS-s",0.283198729,0.418509202,2.630346144,0.480868529,2.260293923,1.38657066,0.239784853,0.349927181,0.305309149,0.347808818,1.187212631,0.566132663,0.635985079,0.47054741
"880","t-CS-s",0.293803419,0.405626781,2.366197183,0.425035613,1.997685185,1.161105092,0.182665222,0.542022792,0.311787749,0.32781339,0.978006501,0.510327635,0.478006501,0.384290358
"881","t-CS-s",0.278769666,0.403924342,2.404227783,0.424783454,1.976312533,1.123597929,0.20340811,0.55082199,0.305639031,0.302457133,0.991048318,0.502209652,0.46624245,0.376617774
"884","t-CS-s",0.269268293,0.376,2.111933669,0.465170732,1.787121951,1.070772875,0.193514954,0.443121951,0.299902439,0.309853659,1.069736452,0.556878049,0.436778206,0.370002961
"885","t-CS-s",0.277506351,0.376587844,2.117320114,0.455735783,1.755911667,1.081718492,0.201291873,0.462184874,0.297049052,0.293335939,1.049121226,0.536447137,0.42571729,0.374793451
"887","t-CS-s",0.311356404,0.457736675,0.925415533,1.381762132,1.853023071,1.554366878,0.239286794,0.153142403,0.364359586,0.806682578,1.131278332,0.712112172,0.667029314,0.09851919
"892","t-CS-s",0.29468599,0.384219002,1.013377216,1.14041868,2.187117552,1.621297378,0.262979085,0.151046699,0.345088567,0.688083736,1.144070496,0.611111111,0.623951587,0.093746682
"896","t-CS-s",0.286963596,0.392719138,0.954336043,1.068741102,2.130567419,1.576693767,0.245528455,0.179581045,0.327435428,0.731950376,1.15704607,0.576977832,0.600271003,0.089295393
"900","t-CS-s",0.285905442,0.368198037,0.950225428,1.006021409,1.875557538,1.524797115,0.238232642,0.146743979,0.329170384,0.664585192,1.209558161,0.558206958,0.595130748,0.081334536
"902","t-CS-s",0.307861353,0.485565878,0.819144315,1.014284287,1.81000899,1.526495819,0.248018243,0.152532215,0.418839277,0.505643792,1.115321968,0.786934372,0.624552069,0.091378
"903","t-CS-s",0.306008247,0.482721382,0.759090909,0.981739643,1.780286668,1.531818182,0.266017316,0.141763204,0.424602395,0.482525034,1.172348485,0.80188494,0.637391775,0.086093074
"909","t-CS-s",0.292850147,0.43813255,0.766733223,0.76330395,1.913973229,1.384408369,0.222154701,0.154587006,0.386712373,0.369572315,1.09801198,0.665850473,0.551176317,0.07300981
"912","t-CS-s",0.279484821,0.390616375,0.71000559,0.640478381,1.587672493,0.944997205,0.138177753,0.169273229,0.386936523,0.384728611,0.976634992,0.577920883,0.436892119,0.064728899
"914","t-CS-s",0.278504673,0.390420561,0.684798131,0.622196262,1.402336449,1.227963131,0.186291055,0.189953271,0.382009346,0.369626168,1.058938076,0.571495327,0.532130339,0.066857069
"920","t-CS-s",0.364374403,0.506303725,2.131562974,0.669054441,2.395797517,1.803945372,0.234243804,0.208022923,0.382043935,0.400859599,1.193576125,0.767526266,0.5251391,0.106474456
"921","t-CS-s",0.35154793,0.511003357,2.080027528,0.642577396,2.330380455,1.814629111,0.228088286,0.201883626,0.384464752,0.382786274,1.137000442,0.744311824,0.49304429,0.103622868
"922","t-CS-s",0.35302391,0.490857947,2.198800518,0.574425692,2.244842944,1.887071492,0.217065358,0.228199719,0.380215659,0.353375527,1.298098548,0.695733708,0.481087712,0.10243304
"923","t-CS-s",0.358267717,0.488188976,2.156958797,0.58577905,2.31567645,1.898000268,0.204133673,0.244333095,0.364829396,0.359580052,1.259294054,0.708780721,0.479600054,0.10501946
"925","t-CS-s",0.319545949,0.444254393,2.022421949,0.531488104,2.066552636,1.919583728,0.187322611,0.271652931,0.349090344,0.367905458,1.404541154,0.625719173,0.489403974,0.100756859
"926","t-CS-s",0.322838421,0.459964839,2.053606329,0.547227106,2.140163017,1.905909725,0.191530945,0.262266262,0.354482979,0.377976666,1.27780363,0.647434873,0.477431363,0.099953467
"928","t-CS-s",0.316102704,0.41982656,2.014671362,0.535283115,1.778949158,1.805516432,0.179577465,0.218840333,0.343649039,0.349090291,1.245657277,0.625233804,0.475586854,0.094014085
"929","t-CS-s",0.303994467,0.417257479,2.017631365,0.538128999,1.855438354,1.783783784,0.17666164,0.249351548,0.333736815,0.371433512,1.251014963,0.671104963,0.465723234,0.096508526
"930","t-CS-s",0.325883862,0.460707089,1.966621098,0.588752519,1.927825609,1.778195489,0.164957849,0.241252977,0.348965012,0.388532698,1.228639781,0.724674849,0.459899749,0.083845979
"936","t-CS-s",0.326116881,0.499812289,2.186394271,0.599674634,2.626705043,1.723392306,0.221005336,0.31472907,0.342510324,0.415091978,1.201207526,0.653109748,0.588879528,0.303566414
"937","t-CS-s",0.297622676,0.454434624,2.210713942,0.53505029,2.346693081,1.741015512,0.2162058,0.358427309,0.309661689,0.368332825,1.32671741,0.568729046,0.559687831,0.286251084
"938","t-CS-s",0.320102433,0.476152369,2.102639575,0.559058899,2.440941101,1.693505507,0.206228637,0.3618758,0.342189501,0.406049936,1.216483099,0.594110115,0.538739081,0.279718952
"939","t-CS-s",0.304012589,0.489063729,2.147194719,0.55436664,2.44563336,1.666760962,0.187930222,0.356726987,0.326829268,0.391030685,1.203017445,0.582533438,0.52758133,0.273455917
"940","t-CS-s",0.30351682,0.441743119,2.101191192,0.491896024,2.549541284,1.625195524,0.171940801,0.331192661,0.316666667,0.361314985,1.153892432,0.574923547,0.514859824,0.257730718
"943","t-CS-s",0.305632502,0.438781163,2.045874338,0.539242844,2.213850416,1.611657835,0.178501136,0.295475531,0.311726685,0.361588181,1.311733535,0.581163435,0.518697956,0.248750946
"944","t-CS-s",0.299870106,0.435145667,2.128058222,0.539803303,2.291705326,1.688138743,0.173273459,0.312859529,0.302839117,0.389497124,1.203933106,0.587678605,0.52725302,0.25209043
"945","t-CS-s",0.284520418,0.470465337,2.160518599,0.520607787,2.332003799,1.614755363,0.177496527,0.327255461,0.32022792,0.397910731,1.346041056,0.614814815,0.527087514,0.257138447
"946","t-SC-s",1.529854169,0.441896726,2.171127332,0.292671742,3.234522608,1.32255822,0.287104623,0.484637256,0.306796295,0.216729341,1.147781254,0.770797028,0.758313058,0.408874986
"947","t-SC-s",1.51385157,0.428796442,2.164451733,0.287593811,3.31909571,1.237459707,0.27591472,0.48614843,0.307606782,0.229593255,1.182774416,0.77059205,0.741672793,0.394503195
"948","t-SC-s",1.610521189,0.461178763,2.192569625,0.297028738,3.476863127,1.213941642,0.280770721,0.51105699,0.31962981,0.227861666,1.110791208,0.80857282,0.737223852,0.372072421
"949","t-SC-s",1.239681,0.392606962,2.297259155,0.271042138,2.903976722,1.264948377,0.286637451,0.467830585,0.291841793,0.206595538,1.216965015,0.732083199,0.674218228,0.376513407
"950","t-SC-s",1.27948919,0.416153243,2.252814225,0.282961801,3.049848773,1.221194522,0.280490428,0.483925171,0.290579142,0.217878347,1.160751416,0.744819088,0.687603069,0.373843837
"952","t-SC-s",0.981900452,0.339723744,2.365382759,0.237318409,2.293641343,1.256395405,0.280625543,0.430221481,0.242557752,0.198975947,1.181581234,0.616337223,0.609518293,0.333140265
"957","t-SC-s",0.989576213,0.416097061,2.330089021,0.27050581,2.475734792,1.139347181,0.266824926,0.508031442,0.276999316,0.235987697,1.124035608,0.701298701,0.532937685,0.327596439
"958","t-SC-s",0.781948882,0.321246006,2.27816687,0.223642173,1.919488818,1.142204629,0.24954324,0.444408946,0.247124601,0.204952077,1.174634592,0.577316294,0.491626066,0.30816078
"961","t-SC-s",0.709509293,0.436031075,2.287599685,0.386665355,3.622971777,1.249017185,0.301302932,0.583341528,0.361884158,0.279870194,1.266033921,0.741174157,0.72542963,0.306357408
"965","t-SC-s",0.586206897,0.388684299,2.307253812,0.335453632,2.980136146,1.245190252,0.318155907,0.515679054,0.315701373,0.240598148,1.130468861,0.628166499,0.671084509,0.30155337
"967","t-SC-s",0.541480949,0.376419842,2.245026372,0.320488857,2.685406183,1.199037661,0.294531322,0.531416247,0.321926671,0.243421999,1.123068382,0.596117901,0.577033404,0.266308874
"969","t-SC-s",0.467448756,0.337759443,2.375491795,0.29779554,2.442696919,1.20285961,0.306112657,0.473249968,0.295088307,0.21980147,1.117071298,0.550341627,0.605220228,0.286728721
"970","t-SC-s",0.477572559,0.32866095,2.238451643,0.295844327,2.254287599,1.117062332,0.284645071,0.515996042,0.309201847,0.222790237,1.140217518,0.526055409,0.548590808,0.250847854
"971","t-SC-s",0.427586207,0.321992337,2.242614039,0.27816092,2.06835249,1.115575514,0.292838572,0.473716475,0.281072797,0.205670498,1.14121957,0.481685824,0.553178918,0.269085323
"973","t-SC-s",0.397649186,0.299095841,2.07926742,0.281555154,1.706690778,1.006295607,0.250107311,0.5,0.286256781,0.210307414,1.080984404,0.476491863,0.49420518,0.230791243
"974","t-SC-s",0.384752723,0.298339582,2.107486708,0.254954472,1.65738261,0.999856301,0.267136083,0.494018925,0.275843599,0.209783967,1.081477224,0.448491341,0.496623078,0.242419888
"975","t-SC-s",0.384147401,0.287502173,2.17357002,0.250130367,1.654962628,1.071612805,0.277044455,0.470710933,0.292543021,0.193985747,1.150811713,0.444811403,0.496434532,0.24032772
"976","t-SC-s",0.842881171,0.52686257,2.405456443,0.556248145,4.195310181,1.435869403,0.302638772,0.541802711,0.406352033,0.373602454,1.215176664,0.831403977,0.696069175,0.273666948
"977","t-SC-s",0.807429223,0.491354741,2.37593985,0.531730952,4.080562417,1.437192982,0.330025063,0.521090633,0.397206916,0.352745582,1.192230576,0.780733422,0.707218045,0.274837093
"981","t-SC-s",0.710516805,0.478135164,2.530262029,0.513070714,3.792193712,1.553758828,0.330473236,0.505481267,0.391880496,0.357065414,1.213715266,0.743163474,0.649264075,0.276813412
"982","t-SC-s",0.662037759,0.451552504,2.648433531,0.498829771,3.469496021,1.481033023,0.296359018,0.525511,0.365111562,0.364799501,1.087044877,0.693087845,0.566045724,0.242337003
"984","t-SC-s",0.620296807,0.440713536,2.597873836,0.476240444,3.384350172,1.516605166,0.322263223,0.499625244,0.377004947,0.350771998,1.154190828,0.678459002,0.580477948,0.264804077
"986","t-SC-s",0.568686157,0.410003522,2.55056444,0.432370553,2.948221205,1.543273754,0.291862653,0.456674886,0.346953153,0.350123283,1.213193791,0.607079958,0.549035748,0.255997178
"988","t-SC-s",0.792594811606634,0.441188018332976,2.659533929,0.363917909030968,4.08923478142002,1.443353364,0.288436172,0.553927839269761,0.349315973691165,0.284862633337504,1.214421809,0.704515206071417,0.52366994,0.236699399
"990","t-SC-s",0.75912508915199,0.443246191701412,2.640736342,0.373209535609281,4.17047987290228,1.495249406,0.300326603,0.554625590268807,0.353521658977059,0.291416859061291,1.276276722,0.703679426412557,0.526425178,0.241983373
"991","t-SC-s",0.79473506,0.499576773,2.639985691,0.481293381,5.415185373,1.380807584,0.279077047,0.430082952,0.396394109,0.306670052,1.414300407,0.831301845,0.439118186,0.263381478
"993","t-SC-s",0.805926687,0.495803357,2.56889865,0.474563207,5.483384721,1.486846409,0.284846502,0.43705036,0.406046591,0.308324769,1.572076071,0.835474478,0.468716415,0.279986916
"994","t-SC-s",0.70523416,0.459631278,2.636904762,0.44829413,5.919156601,1.415134371,0.248762376,0.416083916,0.379317652,0.298050434,1.386492221,0.759694851,0.365452617,0.258074022
"995","t-SC-s",0.695165341,0.460652993,2.56640508,0.441607367,5.732105483,1.448511352,0.252321332,0.399853495,0.389179573,0.302951026,1.453243875,0.743930515,0.387647517,0.255616127
"997","t-SC-s",0.6066313,0.431167109,2.635819485,0.420026525,5.382891247,1.324328582,0.233598488,0.391909814,0.35265252,0.331830239,1.399306923,0.711671088,0.353390565,0.22903048
"1000","t-SC-s",0.635169708,0.480982432,2.465543489,0.448746376,5.645062255,1.209073379,0.204912209,0.462561828,0.380692478,0.338222753,1.471125546,0.721473648,0.278595352,0.196691363
"1004","t-SC-s",0.606814381,0.456730769,2.363924452,0.464464883,5.220735786,1.251869692,0.179743947,0.442934783,0.383779264,0.349707358,1.416909621,0.703177258,0.290657878,0.192039549
"1006","t-SC-s",0.673419601,0.501272804,1.998665314,0.457361052,6.193996606,1.169665261,0.182585019,0.590369113,0.411009758,0.315655494,1.340985532,0.795714892,0.484170626,0.215204741
"1007","t-SC-s",0.681927186,0.514606497,1.965300369,0.464028777,6.315456726,1.215300369,0.183311646,0.595705254,0.411052976,0.306300414,1.269193234,0.803575322,0.541422685,0.219041423
"1008","t-SC-s",0.674886437,0.494159637,1.999171637,0.451871079,6.263681592,1.282803181,0.192898167,0.565758166,0.406986805,0.302833658,1.278440468,0.791910015,0.551358516,0.227137177
"1011","t-SC-s",0.552877044,0.426529376,2.040408461,0.394791036,5.152150212,1.206126915,0.199708242,0.513385827,0.364264082,0.267110842,1.267031364,0.650514839,0.498978848,0.218380744
"1012","t-SC-s",0.589267286,0.49380805,2.195703023,0.428448572,5.274165807,1.06887291,0.163129169,0.596319229,0.403336773,0.300997592,1.285281123,0.705882353,0.393571862,0.184094256
"1013","t-SC-s",0.568684121,0.503400204,2.119979179,0.419075145,5.207072424,1.135594691,0.171944131,0.561543693,0.396803808,0.299727984,1.299210549,0.677320639,0.416673896,0.189815216
"1017","t-SC-s",0.507127922,0.417791294,2.268034748,0.386238358,4.439840335,1.107893743,0.177388896,0.583729329,0.370461889,0.327694355,1.205212136,0.581068238,0.427923958,0.190230392
"1018","t-SC-s",0.540679953,0.461899179,2.198506348,0.421805393,4.28862837,0.933980583,0.149066468,0.6,0.397655334,0.305978898,1.263928305,0.630011723,0.32442121,0.172218073
"1020","t-SC-s",0.52293578,0.414764242,2.128824969,0.355451248,3.969916791,1.040544676,0.158506732,0.51418818,0.36462556,0.27565607,1.197827417,0.531896736,0.386321909,0.167227662
"1021","t-SC-s",0.681157433,0.590647285,1.841232227,0.398930335,7.464070214,0.940527107,0.21384811,0.942402633,0.497668678,0.300054855,1.307074327,0.874382885,0.316437406,0.372962663
"1024","t-SC-s",0.599744654,0.528247686,1.943526866,0.371209703,6.335142036,0.85712225,0.236855391,0.884934568,0.460740504,0.307851899,1.252939055,0.787264603,0.290010819,0.387234043
"1025","t-SC-s",0.549310396,0.482277918,1.863223651,0.339908053,5.803499926,0.957071257,0.236434953,0.754708587,0.420287706,0.307133323,1.231713518,0.697167433,0.354979298,0.382944723
"1028","t-SC-s",0.543700341,0.481082104,1.929230485,0.33579266,5.337306092,0.882450637,0.203266285,0.750851305,0.426787741,0.274877034,1.152611183,0.679341657,0.306237313,0.364089315
"1029","t-SC-s",0.553634505,0.479828964,1.88896062,0.323852017,5.330916527,0.881029235,0.205478189,0.686187024,0.419966537,0.273470905,1.099603431,0.68246886,0.358941252,0.373051738
"1039","t-SC-s",0.516232962,0.516728625,2.519636184,0.432465923,6.860346964,1.126489459,0.221391807,0.656505576,0.439281289,0.324039653,1.601494747,0.827881041,0.458083621,0.240146654
"1040","t-SC-s",0.547697368,0.535804656,2.527353065,0.446356275,6.951163968,1.171693085,0.214756628,0.663081984,0.440409919,0.339954453,1.507504559,0.861715587,0.4426287,0.233973909
"1042","t-SC-s",0.548018914,0.535300832,2.637882757,0.426707973,6.381705527,1.175503568,0.210821064,0.694929072,0.425403555,0.345997065,1.410261042,0.772541986,0.413332129,0.231234757
"1043","t-SC-s",0.548540394,0.545655126,2.652692414,0.456720978,6.666327223,1.196037061,0.217227777,0.714019009,0.454005431,0.365241005,1.428492799,0.816191446,0.424089533,0.228878085
"1044","t-SC-s",0.54265326,0.538274408,2.671486304,0.447778138,6.449237755,1.155904805,0.202424787,0.751216348,0.467564061,0.349172884,1.471306691,0.80343821,0.40610687,0.22038617
"1046","t-SC-s",0.52124183,0.522875817,2.758649891,0.436070261,6.219566993,1.141422695,0.211952577,0.733251634,0.450571895,0.369281046,1.553472054,0.775326797,0.380837164,0.203968062
"1047","t-SC-s",0.533825584,0.526441828,2.767659779,0.445819198,6.307723009,1.104757328,0.186448823,0.770504889,0.469966075,0.364398324,1.519221528,0.785471962,0.375300336,0.200144161
"1049","t-SC-s",0.539035306,0.485082049,2.820141621,0.419691696,6.023371457,1.136585366,0.19779701,0.772501243,0.434112382,0.430631527,1.517387884,0.807309796,0.382218725,0.194649882
"1050","t-SC-s",0.53685742,0.51042677,2.899563319,0.443986421,6.085354025,1.085620711,0.173580786,0.822259942,0.472841901,0.382638215,1.553337492,0.839476237,0.350436681,0.184341859
"1051","t-SC-s",0.938189845,0.441241397,2.538645418,0.258018439,3.709518244,1.344585295,0.339224919,0.697312037,0.303596935,0.239449422,1.309090909,0.684846124,0.631437885,0.623180007
"1052","t-SC-s",0.947326628,0.45791424,2.516049917,0.286394918,3.807834833,1.372285941,0.331313568,0.680121758,0.326098465,0.249470619,1.249008151,0.6776072,0.63629806,0.613864243
"1053","t-SC-s",0.941308362,0.453706146,2.548822037,0.261936165,3.761936165,1.314824212,0.335846321,0.676074914,0.312978106,0.245185967,1.267923161,0.680427328,0.626821312,0.610583545
"1054","t-SC-s",0.873956078,0.40303124,2.762106072,0.239096814,3.479585524,1.429285165,0.335991545,0.687132694,0.311011444,0.244045778,1.316775557,0.620321683,0.602036895,0.598193697
"1056","t-SC-s",0.881243063,0.414935786,2.697696286,0.249088315,3.551609323,1.332487071,0.330700517,0.673061678,0.305850642,0.247661329,1.245039962,0.650388457,0.579313587,0.580912083
"1063","t-SC-s",0.689545935,0.332893347,2.960859093,0.149155227,2.675554382,1.308912084,0.339622642,0.697465681,0.28405491,0.290654699,1.346045765,0.610084477,0.485547973,0.5941389
"1068","t-SC-s",1.31427931,0.480833894,2.258451798,0.348240305,3.748598969,1.257854498,0.385497551,0.576776508,0.349585295,0.270455055,1.294469,0.778973324,0.73545574,0.585055549
"1070","t-SC-s",1.107490145,0.455453351,2.410183984,0.329434954,3.29934297,1.390945874,0.398351019,0.558212878,0.313797635,0.258869908,1.189480113,0.710512484,0.692113902,0.58416673
"1071","t-SC-s",1.138072003,0.451272583,2.346156703,0.333245417,3.326519847,1.335982176,0.388191608,0.559409205,0.331531056,0.262297244,1.237059042,0.717789793,0.648867434,0.556182696
"1074","t-SC-s",0.969247412,0.401947149,2.479098754,0.299490032,2.946067068,1.297315436,0.381495686,0.541029207,0.289908824,0.271055478,1.235474593,0.647967857,0.603068073,0.53135187
"1075","t-SC-s",0.721306278,0.334178821,2.636755205,0.238585923,2.184051997,1.420244078,0.387652548,0.46829423,0.249207356,0.230500951,1.27666906,0.553741281,0.689590811,0.565398421
"1077","t-SC-s",0.854257642,0.360989811,2.593227367,0.270378457,2.512736536,1.364478231,0.402073255,0.518377001,0.275836972,0.252001456,1.254872149,0.645196507,0.632066344,0.546648238
"1080","t-SC-s",0.78682688,0.402981753,2.6549258,0.276145972,2.361815754,1.370999464,0.393170034,0.546728972,0.281486426,0.311971518,1.267119614,0.629506008,0.63168246,0.535311997
